iso3c,Country,Rank,Score,Incidents,Fatalities,Injuries,Hostages,Year,Region
IRQ,Iraq,1,9.59996702805924,1288,2086,5050,16,2012,Middle East
PAK,Pakistan,2,9.15262024354674,638,1322,2297,160,2012,Asia
AFG,Afghanistan,3,9.13426455513087,507,1511,2612,67,2012,Asia
SYR,Syria,4,8.23807858679659,168,1014,1833,71,2012,Middle East
YEM,Yemen,5,8.09851264854003,219,651,798,121,2012,Middle East
NGA,Nigeria,6,8.09834217820618,212,767,496,9,2012,Africa
SOM,Somalia,7,7.96412287824411,166,446,427,1,2012,Other
IND,India,8,7.8147150789474,219,150,256,41,2012,Asia
THA,Thailand,9,7.49981028301722,199,184,493,0,2012,Asia
RUS,Russia,10,7.49014503634554,219,157,309,3,2012,Europe
TUR,Turkey,11,7.38746309910131,157,188,502,89,2012,Other
COL,Colombia,12,7.38634935001642,119,181,484,21,2012,South America
PHL,Philippines,13,7.21193612433352,113,98,304,29,2012,Asia
DZA,Algeria,14,6.69568220841263,41,43,135,1,2012,Africa
KEN,Kenya,15,6.68852204305231,72,113,377,6,2012,Africa
COD,Democratic Republic of the Congo,16,5.83617386849373,4,35,66,3,2012,Other
EGY,Egypt,17,5.80426137909607,45,31,45,50,2012,Africa
ISR,Israel,18,5.70904536865805,77,10,46,0,2012,Middle East
IRN,Iran,19,5.68896479375081,4,10,4,0,2012,Middle East
MMR,Myanmar,20,5.5806365134653,8,8,4,3,2012,Asia
NOR,Norway,21,5.57448332863637,0,0,0,0,2012,Europe
MLI,Mali,22,5.49641260335714,16,45,0,11,2012,Other
LBY,Libya,23,5.44632843330534,48,30,54,7,2012,Africa
LKA,Sri Lanka,24,5.44377836202913,2,0,0,3,2012,Asia
SDN,Sudan,25,5.39654246903088,3,9,12,38,2012,Africa
IDN,Indonesia,26,5.23522327346869,25,9,22,0,2012,Asia
LBN,Lebanon,27,5.16632454455614,9,10,80,0,2012,Middle East
NPL,Nepal,28,5.13906010042154,7,11,28,0,2012,Asia
ETH,Ethiopia,29,5.04184406226869,2,24,8,4,2012,Africa
CHN,China,30,5.01001714885673,2,13,10,0,2012,Asia
PER,Peru,31,4.85702584043239,12,6,9,26,2012,South America
BDI,Burundi,32,4.73527950455555,0,0,0,0,2012,Other
UGA,Uganda,33,4.63477860577392,0,0,0,0,2012,Africa
PSE,Palestine,34,4.6298835419782,6,3,1,0,2012,Other
GBR,United Kingdom,35,4.56843478474988,22,1,0,0,2012,Europe
BLR,Belarus,36,4.56711616854283,0,0,0,0,2012,Other
BGD,Bangladesh,37,4.45352237160245,7,5,24,0,2012,Asia
FRA,France,38,4.35928057442224,8,8,2,4,2012,Europe
USA,United States of America,39,4.31803762983372,3,6,3,0,2012,Other
TJK,Tajikistan,40,4.29303845179251,0,0,0,0,2012,Other
GEO,Georgia,41,4.27719262462525,7,5,11,5,2012,Other
BGR,Bulgaria,42,4.25476159577154,2,8,32,0,2012,Europe
CIV,Cote d' Ivoire,43,4.23947768169506,4,12,0,0,2012,Other
CAF,Central African Republic,44,4.1727167448893,1,1,6,0,2012,Other
GRC,Greece,45,4.02799723923586,7,0,0,0,2012,Europe
MAR,Morocco,45,4.02799723923586,0,0,0,0,2012,Africa
KAZ,Kazakhstan,47,3.95617480566033,1,0,1,0,2012,Asia
GTM,Guatemala,48,3.88464827545523,2,7,2,0,2012,Other
BHR,Bahrain,49,3.82137931006798,10,2,17,0,2012,Middle East
UKR,Ukraine,50,3.78954286976635,3,0,30,0,2012,Europe
RWA,Rwanda,51,3.67899355505194,2,0,10,0,2012,Other
SAU,Saudi Arabia,52,3.59114813290422,1,2,0,0,2012,Middle East
MRT,Mauritania,53,3.36737929077001,0,0,0,0,2012,Other
TUN,Tunisia,54,3.34417397726558,3,0,0,5,2012,Africa
ESP,Spain,55,3.25666984416089,0,0,0,0,2012,Europe
ITA,Italy,56,3.23641617148099,3,0,1,0,2012,Europe
KSV,Kosovo,56,3.23641617148099,1,1,4,0,2012,Other
CMR,Cameroon,58,3.23024640242245,0,0,0,0,2012,Other
DEU,Germany,59,3.21986461753708,3,0,0,0,2012,Europe
NER,Niger,60,3.17484667681632,1,0,0,6,2012,Other
ERI,Eritrea,61,3.1411929246903,0,0,0,0,2012,Other
MEX,Mexico,62,2.97524705967317,0,0,0,0,2012,North America
ARG,Argentina,63,2.81089881619837,2,0,0,0,2012,South America
CHL,Chile,64,2.80416888110616,1,0,0,0,2012,South America
PRY,Paraguay,65,2.56434529984762,0,0,0,0,2012,South America
SLV,El Salvador,65,2.56434529984762,0,0,0,0,2012,Other
JOR,Jordan,67,2.54176458370189,1,1,0,0,2012,Middle East
SRB,Serbia,68,2.45014106978246,1,1,0,0,2012,Other
AZE,Azerbaijan,69,2.40845626353179,0,0,0,0,2012,Other
HND,Honduras,69,2.40845626353179,0,0,0,0,2012,Other
VEN,Venezuela,69,2.40845626353179,0,0,0,0,2012,South America
MDG,Madagascar,72,2.36465995360453,2,0,1,0,2012,Other
AGO,Angola,72,2.36465995360453,0,0,0,0,2012,Other
SLE,Sierra Leone,72,2.36465995360453,1,1,1,0,2012,Other
GNB,Guinea-Bissau,75,2.26979317520095,1,1,0,0,2012,Other
SEN,Senegal,76,2.21814844117293,0,0,0,0,2012,Other
MYS,Malaysia,77,2.17728451044181,1,0,5,0,2012,Asia
IRL,Ireland,78,2.11961032363824,1,0,0,0,2012,Europe
KGZ,Kyrgyz Republic,79,2.00838300630588,0,0,0,0,2012,Other
BIH,Bosnia and Herzegovina,80,1.97378670117656,0,0,0,0,2012,Other
KHM,Cambodia,81,1.95595530047705,1,0,3,0,2012,Other
MDA,Moldova,82,1.93774847442113,0,0,0,0,2012,Other
UZB,Uzbekistan,83,1.84047838100646,0,0,0,0,2012,Asia
EST,Estonia,84,1.81963900407464,0,0,0,0,2012,Other
BTN,Bhutan,85,1.71909841953764,0,0,0,0,2012,Other
JPN,Japan,86,1.68280810349464,0,0,0,0,2012,Asia
AUT,Austria,87,1.52018198264983,0,0,0,0,2012,Europe
CHE,Switzerland,87,1.52018198264983,0,0,0,0,2012,Europe
SWE,Sweden,89,1.45838482119566,0,0,0,0,2012,Europe
KWT,Kuwait,90,1.35652695948864,1,0,0,0,2012,Middle East
TCD,Chad,91,1.05831156396975,0,0,0,0,2012,Other
NIC,Nicaragua,91,1.05831156396975,0,0,0,0,2012,Other
PAN,Panama,91,1.05831156396975,0,0,0,0,2012,Other
BOL,Bolivia,94,0.950071442336124,0,0,0,0,2012,South America
CAN,Canada,95,0.890406938670335,0,0,0,0,2012,North America
URY,Uruguay,95,0.890406938670335,0,0,0,0,2012,South America
BEL,Belgium,97,0.826318935360223,0,0,0,0,2012,Europe
BRA,Brazil,97,0.826318935360223,0,0,0,0,2012,South America
CYP,Cyprus,97,0.826318935360223,0,0,0,0,2012,Other
DNK,Denmark,97,0.826318935360223,0,0,0,0,2012,Europe
ALB,Albania,97,0.826318935360223,0,0,0,0,2012,Other
SWZ,Eswatini,102,0.792401164824301,0,0,0,0,2012,Other
SVK,Slovakia,103,0.508313378859537,0,0,0,0,2012,Europe
MNE,Montenegro,103,0.508313378859537,0,0,0,0,2012,Other
OMN,Oman,103,0.508313378859537,0,0,0,0,2012,Middle East
MOZ,Mozambique,106,0.290978597681926,0,0,0,0,2012,Other
ECU,Ecuador,106,0.290978597681926,0,0,0,0,2012,South America
HUN,Hungary,106,0.290978597681926,0,0,0,0,2012,Europe
JAM,Jamaica,106,0.290978597681926,0,0,0,0,2012,Other
FIN,Finland,110,0.226890594371813,0,0,0,0,2012,Europe
ARM,Armenia,111,0.157670277511823,0,0,0,0,2012,Other
COG,Republic of the Congo,112,0.0,0,0,0,0,2012,Other
ZAF,South Africa,112,0.0,0,0,0,0,2012,Africa
BFA,Burkina Faso,112,0.0,0,0,0,0,2012,Other
NZL,New Zealand,112,0.0,0,0,0,0,2012,Oceania
TZA,Tanzania,112,0.0,0,0,0,0,2012,Africa
AUS,Australia,112,0.0,0,0,0,0,2012,Oceania
LAO,Laos,112,0.0,0,0,0,0,2012,Other
BEN,Benin,112,0.0,0,0,0,0,2012,Other
NLD,Netherlands,112,0.0,0,0,0,0,2012,Europe
ROU,Romania,112,0.0,0,0,0,0,2012,Europe
LTU,Lithuania,112,0.0,0,0,0,0,2012,Other
VNM,Vietnam,112,0.0,0,0,0,0,2012,Asia
CZE,Czech Republic,112,0.0,0,0,0,0,2012,Europe
GAB,Gabon,112,0.0,0,0,0,0,2012,Other
TWN,Taiwan,112,0.0,0,0,0,0,2012,Other
POL,Poland,112,0.0,0,0,0,0,2012,Europe
MUS,Mauritius,112,0.0,0,0,0,0,2012,Other
TGO,Togo,112,0.0,0,0,0,0,2012,Other
ARE,United Arab Emirates,112,0.0,0,0,0,0,2012,Middle East
BWA,Botswana,112,0.0,0,0,0,0,2012,Other
CRI,Costa Rica,112,0.0,0,0,0,0,2012,Other
CUB,Cuba,112,0.0,0,0,0,0,2012,Other
DJI,Djibouti,112,0.0,0,0,0,0,2012,Other
DOM,Dominican Republic,112,0.0,0,0,0,0,2012,Other
GHA,Ghana,112,0.0,0,0,0,0,2012,Africa
GIN,Guinea,112,0.0,0,0,0,0,2012,Other
GMB,The Gambia,112,0.0,0,0,0,0,2012,Other
GNQ,Equatorial Guinea,112,0.0,0,0,0,0,2012,Other
GUY,Guyana,112,0.0,0,0,0,0,2012,Other
HRV,Croatia,112,0.0,0,0,0,0,2012,Other
HTI,Haiti,112,0.0,0,0,0,0,2012,Other
ISL,Iceland,112,0.0,0,0,0,0,2012,Other
KOR,South Korea,112,0.0,0,0,0,0,2012,Asia
LBR,Liberia,112,0.0,0,0,0,0,2012,Other
LSO,Lesotho,112,0.0,0,0,0,0,2012,Other
LVA,Latvia,112,0.0,0,0,0,0,2012,Other
MKD,Macedonia (FYR),112,0.0,0,0,0,0,2012,Other
MNG,Mongolia,112,0.0,0,0,0,0,2012,Other
MWI,Malawi,112,0.0,0,0,0,0,2012,Other
NAM,Namibia,112,0.0,0,0,0,0,2012,Other
PNG,Papua New Guinea,112,0.0,0,0,0,0,2012,Oceania
PRK,North Korea,112,0.0,0,0,0,0,2012,Other
PRT,Portugal,112,0.0,0,0,0,0,2012,Europe
QAT,Qatar,112,0.0,0,0,0,0,2012,Middle East
SGP,Singapore,112,0.0,0,0,0,0,2012,Other
SSD,South Sudan,112,0.0,0,0,0,0,2012,Other
SVN,Slovenia,112,0.0,0,0,0,0,2012,Europe
TKM,Turkmenistan,112,0.0,0,0,0,0,2012,Other
TLS,Timor-Leste,112,0.0,0,0,0,0,2012,Other
TTO,Trinidad and Tobago,112,0.0,0,0,0,0,2012,Other
ZMB,Zambia,112,0.0,0,0,0,0,2012,Africa
ZWE,Zimbabwe,112,0.0,0,0,0,0,2012,Africa
IRQ,Iraq,1,9.87478140089336,1673,3980,9479,41,2013,Middle East
PAK,Pakistan,2,9.18125906605939,518,1503,3421,81,2013,Asia
AFG,Afghanistan,3,8.93545785580997,259,923,1232,42,2013,Asia
SYR,Syria,4,8.44595320595531,80,907,1012,4,2013,Middle East
NGA,Nigeria,5,8.33560425721973,107,931,146,13,2013,Africa
YEM,Yemen,6,7.98373208481024,201,316,444,13,2013,Middle East
SOM,Somalia,7,7.82010033437536,152,264,366,6,2013,Other
IND,India,8,7.70049111677063,199,241,294,37,2013,Asia
THA,Thailand,9,7.46915040588414,196,154,413,0,2013,Asia
COL,Colombia,10,7.37883637465365,217,140,291,19,2013,South America
RUS,Russia,11,7.37331707769546,141,132,299,0,2013,Europe
PHL,Philippines,12,7.20014232661348,71,108,211,305,2013,Asia
TUR,Turkey,13,7.01562557869929,13,56,140,4,2013,Other
KEN,Kenya,14,6.96773879872877,41,151,272,0,2013,Africa
EGY,Egypt,15,6.79271032246869,91,132,376,4,2013,Africa
DZA,Algeria,16,6.4762539660373,13,46,26,107,2013,Africa
LBN,Lebanon,17,6.21058537890442,34,56,294,13,2013,Middle East
LBY,Libya,18,6.18414278858153,90,55,104,13,2013,Africa
MLI,Mali,19,5.89591272480977,33,45,53,2,2013,Other
COD,Democratic Republic of the Congo,20,5.7454981702434,2,40,0,0,2013,Other
IRN,Iran,21,5.48887032377781,7,21,0,0,2013,Middle East
ISR,Israel,22,5.31344439490256,33,1,1,0,2013,Middle East
MMR,Myanmar,23,5.21300040708467,9,6,11,0,2013,Asia
IDN,Indonesia,24,5.12348196367251,10,13,4,0,2013,Asia
USA,United States of America,25,5.05720400310108,3,4,141,0,2013,Other
SDN,Sudan,26,5.05395337043641,4,12,19,0,2013,Africa
CHN,China,27,4.98623486401738,4,8,49,0,2013,Asia
NOR,Norway,28,4.97642615060353,0,0,0,0,2013,Europe
TUN,Tunisia,29,4.91687907409454,14,22,9,0,2013,Africa
PER,Peru,30,4.71919668221384,9,4,6,18,2013,South America
ETH,Ethiopia,31,4.60160896771212,2,4,0,0,2013,Africa
GBR,United Kingdom,32,4.58969234989311,29,1,1,0,2013,Europe
NPL,Nepal,33,4.58367189189854,7,0,9,0,2013,Asia
BGD,Bangladesh,34,4.52057916122092,14,3,19,0,2013,Asia
BHR,Bahrain,35,4.48890517334813,20,2,34,0,2013,Middle East
PSE,Palestine,36,4.46498334187374,9,3,11,0,2013,Other
RWA,Rwanda,37,4.43987146438505,3,4,54,0,2013,Other
PRY,Paraguay,38,4.40078109664335,11,9,14,5,2013,South America
LKA,Sri Lanka,39,4.20071483496667,0,0,0,0,2013,Asia
BDI,Burundi,40,4.13802128338827,0,0,0,0,2013,Other
GRC,Greece,41,4.12271482548951,13,2,3,0,2013,Europe
UGA,Uganda,42,4.03940842471919,0,0,0,0,2013,Africa
CIV,Cote d' Ivoire,43,3.98078437711825,2,2,4,0,2013,Other
BLR,Belarus,44,3.94901292377567,0,0,0,0,2013,Other
NER,Niger,45,3.83070609987766,3,3,16,0,2013,Other
FRA,France,46,3.80241842713288,1,0,1,0,2013,Europe
GEO,Georgia,47,3.7609702585345,1,1,1,0,2013,Other
SSD,South Sudan,48,3.74745760400636,2,6,7,0,2013,Other
TJK,Tajikistan,49,3.73603349738636,1,0,0,0,2013,Other
BGR,Bulgaria,50,3.66162268101367,0,0,0,0,2013,Europe
CAF,Central African Republic,51,3.58020124882344,0,0,0,0,2013,Other
MAR,Morocco,52,3.43673508069285,0,0,0,0,2013,Africa
KAZ,Kazakhstan,53,3.36561620698927,0,0,0,0,2013,Asia
UKR,Ukraine,54,3.32773603641734,2,0,0,0,2013,Europe
GTM,Guatemala,55,3.29197239048496,0,0,0,0,2013,Other
CHL,Chile,56,3.2281799921324,3,2,0,0,2013,South America
KSV,Kosovo,57,3.13199291989236,4,0,2,0,2013,Other
CMR,Cameroon,58,3.07956521406353,1,0,0,7,2013,Other
KGZ,Kyrgyz Republic,59,3.05968405583907,2,2,2,0,2013,Other
MOZ,Mozambique,60,3.02897814524368,2,1,10,0,2013,Other
SAU,Saudi Arabia,61,3.00252983635947,0,0,0,0,2013,Middle East
ITA,Italy,62,2.65724150317248,0,0,0,0,2013,Europe
VEN,Venezuela,63,2.64919686567386,1,1,0,0,2013,South America
DEU,Germany,64,2.6410766905681,0,0,0,0,2013,Europe
MRT,Mauritania,65,2.61204016889894,0,0,0,0,2013,Other
ARG,Argentina,66,2.58199473478214,2,0,0,0,2013,South America
MEX,Mexico,67,2.55538364146546,1,0,0,0,2013,North America
ERI,Eritrea,68,2.52792761178952,0,0,0,0,2013,Other
MDG,Madagascar,69,2.48990864139466,3,0,0,0,2013,Other
ESP,Spain,70,2.38683533002177,0,0,0,0,2013,Europe
SRB,Serbia,71,2.34764709749516,1,0,2,0,2013,Other
SLV,El Salvador,72,2.00838300630588,0,0,0,0,2013,Other
MYS,Malaysia,73,1.97378670117656,1,0,0,0,2013,Asia
IRL,Ireland,74,1.9468998010341,1,0,0,0,2013,Europe
JOR,Jordan,75,1.93774847442113,0,0,0,0,2013,Middle East
HND,Honduras,76,1.86082737386225,0,0,0,0,2013,Other
BIH,Bosnia and Herzegovina,77,1.84047838100646,1,0,0,0,2013,Other
SLE,Sierra Leone,78,1.81963900407464,0,0,0,0,2013,Other
TZA,Tanzania,79,1.73086448260274,2,0,0,0,2013,Africa
GNB,Guinea-Bissau,79,1.73086448260274,0,0,0,0,2013,Other
SEN,Senegal,81,1.68280810349464,0,0,0,0,2013,Other
AGO,Angola,82,1.65773990495816,0,0,0,0,2013,Other
AZE,Azerbaijan,83,1.52018198264983,0,0,0,0,2013,Other
HRV,Croatia,83,1.52018198264983,1,0,1,0,2013,Other
MDA,Moldova,85,1.42574727634863,0,0,0,0,2013,Other
KHM,Cambodia,85,1.42574727634863,0,0,0,0,2013,Other
UZB,Uzbekistan,87,1.33832013343272,0,0,0,0,2013,Asia
EST,Estonia,88,1.31972173286483,0,0,0,0,2013,Other
ECU,Ecuador,89,1.2812801910983,1,0,0,0,2013,South America
CHE,Switzerland,90,1.05831156396975,0,0,0,0,2013,Europe
AUT,Austria,91,1.03249495145761,0,0,0,0,2013,Europe
SWE,Sweden,92,0.950071442336124,0,0,0,0,2013,Europe
KWT,Kuwait,93,0.890406938670335,0,0,0,0,2013,Middle East
TCD,Chad,94,0.681851850109894,0,0,0,0,2013,Other
NIC,Nicaragua,94,0.681851850109894,0,0,0,0,2013,Other
PAN,Panama,94,0.681851850109894,0,0,0,0,2013,Other
URY,Uruguay,97,0.555070295221389,0,0,0,0,2013,South America
BOL,Bolivia,97,0.555070295221389,0,0,0,0,2013,South America
BEL,Belgium,99,0.508313378859537,0,0,0,0,2013,Europe
BRA,Brazil,99,0.508313378859537,0,0,0,0,2013,South America
CYP,Cyprus,99,0.508313378859537,0,0,0,0,2013,Other
DNK,Denmark,99,0.508313378859537,0,0,0,0,2013,Europe
ALB,Albania,99,0.508313378859537,0,0,0,0,2013,Other
CAN,Canada,104,0.406455517152519,0,0,0,0,2013,North America
SVK,Slovakia,105,0.290978597681926,0,0,0,0,2013,Europe
BTN,Bhutan,105,0.290978597681926,0,0,0,0,2013,Other
MNE,Montenegro,105,0.290978597681926,0,0,0,0,2013,Other
OMN,Oman,105,0.290978597681926,0,0,0,0,2013,Middle East
HUN,Hungary,109,0.157670277511823,0,0,0,0,2013,Europe
COG,Republic of the Congo,110,0.0,0,0,0,0,2013,Other
ZAF,South Africa,110,0.0,0,0,0,0,2013,Africa
BFA,Burkina Faso,110,0.0,0,0,0,0,2013,Other
NZL,New Zealand,110,0.0,0,0,0,0,2013,Oceania
AUS,Australia,110,0.0,0,0,0,0,2013,Oceania
JPN,Japan,110,0.0,0,0,0,0,2013,Asia
LAO,Laos,110,0.0,0,0,0,0,2013,Other
BEN,Benin,110,0.0,0,0,0,0,2013,Other
NLD,Netherlands,110,0.0,0,0,0,0,2013,Europe
ROU,Romania,110,0.0,0,0,0,0,2013,Europe
FIN,Finland,110,0.0,0,0,0,0,2013,Europe
LTU,Lithuania,110,0.0,0,0,0,0,2013,Other
VNM,Vietnam,110,0.0,0,0,0,0,2013,Asia
CZE,Czech Republic,110,0.0,0,0,0,0,2013,Europe
GAB,Gabon,110,0.0,0,0,0,0,2013,Other
TWN,Taiwan,110,0.0,0,0,0,0,2013,Other
POL,Poland,110,0.0,0,0,0,0,2013,Europe
ARM,Armenia,110,0.0,0,0,0,0,2013,Other
MUS,Mauritius,110,0.0,0,0,0,0,2013,Other
TGO,Togo,110,0.0,0,0,0,0,2013,Other
ARE,United Arab Emirates,110,0.0,0,0,0,0,2013,Middle East
BWA,Botswana,110,0.0,0,0,0,0,2013,Other
CRI,Costa Rica,110,0.0,0,0,0,0,2013,Other
CUB,Cuba,110,0.0,0,0,0,0,2013,Other
DJI,Djibouti,110,0.0,0,0,0,0,2013,Other
DOM,Dominican Republic,110,0.0,0,0,0,0,2013,Other
GHA,Ghana,110,0.0,0,0,0,0,2013,Africa
GIN,Guinea,110,0.0,0,0,0,0,2013,Other
GMB,The Gambia,110,0.0,0,0,0,0,2013,Other
GNQ,Equatorial Guinea,110,0.0,0,0,0,0,2013,Other
GUY,Guyana,110,0.0,0,0,0,0,2013,Other
HTI,Haiti,110,0.0,0,0,0,0,2013,Other
ISL,Iceland,110,0.0,0,0,0,0,2013,Other
JAM,Jamaica,110,0.0,0,0,0,0,2013,Other
KOR,South Korea,110,0.0,0,0,0,0,2013,Asia
LBR,Liberia,110,0.0,0,0,0,0,2013,Other
LSO,Lesotho,110,0.0,0,0,0,0,2013,Other
LVA,Latvia,110,0.0,0,0,0,0,2013,Other
MKD,Macedonia (FYR),110,0.0,0,0,0,0,2013,Other
MNG,Mongolia,110,0.0,0,0,0,0,2013,Other
MWI,Malawi,110,0.0,0,0,0,0,2013,Other
NAM,Namibia,110,0.0,0,0,0,0,2013,Other
PNG,Papua New Guinea,110,0.0,0,0,0,0,2013,Oceania
PRK,North Korea,110,0.0,0,0,0,0,2013,Other
PRT,Portugal,110,0.0,0,0,0,0,2013,Europe
QAT,Qatar,110,0.0,0,0,0,0,2013,Middle East
SGP,Singapore,110,0.0,0,0,0,0,2013,Other
SVN,Slovenia,110,0.0,0,0,0,0,2013,Europe
SWZ,Eswatini,110,0.0,0,0,0,0,2013,Other
TKM,Turkmenistan,110,0.0,0,0,0,0,2013,Other
TLS,Timor-Leste,110,0.0,0,0,0,0,2013,Other
TTO,Trinidad and Tobago,110,0.0,0,0,0,0,2013,Other
ZMB,Zambia,110,0.0,0,0,0,0,2013,Africa
ZWE,Zimbabwe,110,0.0,0,0,0,0,2013,Africa
IRQ,Iraq,1,9.85779599504447,1243,3206,6058,272,2014,Middle East
PAK,Pakistan,2,9.0019725007018,363,996,1705,26,2014,Asia
NGA,Nigeria,3,8.92098641839585,143,2101,834,365,2014,Africa
AFG,Afghanistan,4,8.89986138304745,356,1143,1531,19,2014,Asia
SYR,Syria,5,8.30623730391227,44,545,423,43,2014,Middle East
YEM,Yemen,6,7.97955827045849,145,432,286,2,2014,Middle East
SOM,Somalia,7,7.67883911695263,116,256,183,3,2014,Other
IND,India,8,7.48804584292142,121,168,190,25,2014,Asia
THA,Thailand,9,7.38503124914564,156,136,350,0,2014,Asia
KEN,Kenya,10,7.25595736026812,49,222,315,22,2014,Africa
EGY,Egypt,11,7.21626370114541,145,200,335,0,2014,Africa
COL,Colombia,12,7.1276575005323,112,59,232,14,2014,South America
RUS,Russia,13,6.95911985526733,64,44,48,0,2014,Europe
PHL,Philippines,14,6.91121369469485,46,60,153,4,2014,Asia
LBY,Libya,15,6.66306198470036,114,94,188,8,2014,Africa
LBN,Lebanon,16,6.55179493013207,57,69,281,2,2014,Middle East
TUR,Turkey,17,6.46989427809296,10,7,5,9,2014,Other
CHN,China,18,6.2751289105221,11,72,332,0,2014,Asia
CMR,Cameroon,19,6.17644661419383,15,120,16,13,2014,Other
DZA,Algeria,20,6.12956806847972,10,33,0,0,2014,Africa
MLI,Mali,21,5.97705352309634,24,36,71,7,2014,Other
TUN,Tunisia,22,5.37676323416962,11,28,31,0,2014,Africa
ISR,Israel,23,5.13061858374059,17,5,28,0,2014,Middle East
COD,Democratic Republic of the Congo,24,5.06342108447788,1,0,6,0,2014,Other
USA,United States of America,25,5.02775710004577,6,13,15,0,2014,Other
IRN,Iran,26,4.98812926191603,6,4,3,5,2014,Middle East
BHR,Bahrain,27,4.86982855993835,30,6,22,0,2014,Middle East
IDN,Indonesia,28,4.69335770949187,4,3,6,0,2014,Asia
MMR,Myanmar,29,4.63559176266967,2,0,2,0,2014,Asia
PER,Peru,30,4.552029619684,6,3,11,9,2014,South America
ETH,Ethiopia,31,4.53164865373292,1,9,0,0,2014,Africa
GBR,United Kingdom,32,4.4970523486036,25,0,2,0,2014,Europe
SDN,Sudan,33,4.47678285129366,1,1,4,0,2014,Africa
NER,Niger,34,4.38354929772852,1,12,0,0,2014,Other
NOR,Norway,35,4.37973363060897,0,0,0,0,2014,Europe
SAU,Saudi Arabia,36,4.19329167956085,8,7,13,0,2014,Middle East
BGD,Bangladesh,37,4.185120352987,4,2,2,0,2014,Asia
PSE,Palestine,38,4.05624774971634,4,1,3,0,2014,Other
CAF,Central African Republic,39,4.0546580575501,1,6,10,0,2014,Other
CHL,Chile,40,3.94540961733375,15,0,17,0,2014,South America
TZA,Tanzania,41,3.92716437740575,8,5,10,0,2014,Africa
PRY,Paraguay,42,3.90285510151115,3,0,0,0,2014,South America
NPL,Nepal,43,3.89810087131347,1,0,2,0,2014,Asia
NIC,Nicaragua,44,3.89714688081969,1,5,24,0,2014,Other
RWA,Rwanda,45,3.80772717489635,0,0,0,0,2014,Other
FRA,France,46,3.73603349738636,3,0,16,0,2014,Europe
MDG,Madagascar,47,3.73142126088077,1,1,33,0,2014,Other
TKM,Turkmenistan,48,3.60997794698564,2,6,0,0,2014,Other
SSD,South Sudan,49,3.59926830800999,2,2,0,0,2014,Other
MOZ,Mozambique,50,3.58842437539301,3,2,11,0,2014,Other
GRC,Greece,51,3.58020124882344,3,0,0,0,2014,Europe
BDI,Burundi,52,3.53352083228869,0,0,0,0,2014,Other
UKR,Ukraine,53,3.48109312645987,9,0,3,0,2014,Europe
UGA,Uganda,54,3.446433787525,0,0,0,0,2014,Africa
CIV,Cote d' Ivoire,55,3.38997816433099,0,0,0,0,2014,Other
BLR,Belarus,56,3.35852770586791,0,0,0,0,2014,Other
TJK,Tajikistan,57,3.2072396882827,1,0,0,0,2014,Other
MYS,Malaysia,58,3.13199291989236,4,1,1,5,2014,Asia
GEO,Georgia,59,3.1013984372439,0,0,0,0,2014,Other
BEL,Belgium,60,3.07463760930735,1,3,1,0,2014,Europe
BGR,Bulgaria,60,3.07463760930735,0,0,0,0,2014,Europe
CAN,Canada,62,2.88781991675726,2,2,1,0,2014,North America
MAR,Morocco,63,2.85021432700837,0,0,0,0,2014,Africa
KSV,Kosovo,64,2.83730673970444,1,0,3,0,2014,Other
KAZ,Kazakhstan,65,2.78365901162542,0,0,0,0,2014,Asia
AUS,Australia,66,2.72646182003247,1,2,0,0,2014,Oceania
GTM,Guatemala,67,2.71155123867754,0,0,0,0,2014,Other
DJI,Djibouti,68,2.66521199549208,1,0,11,0,2014,Other
KGZ,Kyrgyz Republic,69,2.48503655924097,0,0,0,0,2014,Other
ARE,United Arab Emirates,70,2.45014106978246,2,1,0,0,2014,Middle East
IRL,Ireland,71,2.31852676052605,3,0,0,0,2014,Europe
DEU,Germany,72,2.28223644448305,1,0,0,0,2014,Europe
ITA,Italy,73,2.04976852468545,0,0,0,0,2014,Europe
AGO,Angola,74,2.01682007122644,2,0,0,0,2014,Other
ARG,Argentina,75,1.99125784680112,0,0,0,0,2014,South America
MRT,Mauritania,76,1.98256639379373,0,0,0,0,2014,Other
ERI,Eritrea,77,1.97378670117656,0,0,0,0,2014,Other
MEX,Mexico,78,1.89048030040625,0,0,0,0,2014,North America
ESP,Spain,79,1.84047838100646,2,0,0,0,2014,Europe
VEN,Venezuela,80,1.79828502296523,0,0,0,0,2014,South America
SRB,Serbia,81,1.75392697719821,0,0,0,0,2014,Other
LKA,Sri Lanka,82,1.61872010018452,0,0,0,0,2014,Asia
JOR,Jordan,83,1.42574727634863,0,0,0,0,2014,Middle East
SLV,El Salvador,84,1.33832013343272,0,0,0,0,2014,Other
BIH,Bosnia and Herzegovina,84,1.33832013343272,0,0,0,0,2014,Other
SLE,Sierra Leone,86,1.31972173286483,0,0,0,0,2014,Other
HUN,Hungary,87,1.24105004001805,1,0,0,0,2014,Europe
GNB,Guinea-Bissau,87,1.24105004001805,0,0,0,0,2014,Other
MKD,Macedonia (FYR),87,1.24105004001805,1,0,0,0,2014,Other
AZE,Azerbaijan,90,1.05831156396975,0,0,0,0,2014,Other
HRV,Croatia,90,1.05831156396975,0,0,0,0,2014,Other
KHM,Cambodia,92,0.950071442336124,0,0,0,0,2014,Other
EST,Estonia,93,0.890406938670335,0,0,0,0,2014,Other
ECU,Ecuador,94,0.826318935360223,0,0,0,0,2014,South America
CHE,Switzerland,95,0.681851850109894,0,0,0,0,2014,Europe
KWT,Kuwait,96,0.508313378859537,0,0,0,0,2014,Middle East
SEN,Senegal,96,0.508313378859537,0,0,0,0,2014,Other
HND,Honduras,96,0.508313378859537,0,0,0,0,2014,Other
TCD,Chad,99,0.406455517152519,0,0,0,0,2014,Other
SWE,Sweden,100,0.290978597681926,0,0,0,0,2014,Europe
BRA,Brazil,100,0.290978597681926,0,0,0,0,2014,South America
CYP,Cyprus,100,0.290978597681926,0,0,0,0,2014,Other
DNK,Denmark,100,0.290978597681926,0,0,0,0,2014,Europe
UZB,Uzbekistan,100,0.290978597681926,0,0,0,0,2014,Asia
ALB,Albania,105,0.226890594371813,0,0,0,0,2014,Other
SVK,Slovakia,106,0.157670277511823,0,0,0,0,2014,Europe
MNE,Montenegro,106,0.157670277511823,0,0,0,0,2014,Other
OMN,Oman,106,0.157670277511823,0,0,0,0,2014,Middle East
PAN,Panama,106,0.157670277511823,0,0,0,0,2014,Other
BFA,Burkina Faso,110,0.0,0,0,0,0,2014,Other
NZL,New Zealand,110,0.0,0,0,0,0,2014,Oceania
AUT,Austria,110,0.0,0,0,0,0,2014,Europe
JPN,Japan,110,0.0,0,0,0,0,2014,Asia
LAO,Laos,110,0.0,0,0,0,0,2014,Other
BEN,Benin,110,0.0,0,0,0,0,2014,Other
NLD,Netherlands,110,0.0,0,0,0,0,2014,Europe
URY,Uruguay,110,0.0,0,0,0,0,2014,South America
ZAF,South Africa,110,0.0,0,0,0,0,2014,Africa
ROU,Romania,110,0.0,0,0,0,0,2014,Europe
FIN,Finland,110,0.0,0,0,0,0,2014,Europe
LTU,Lithuania,110,0.0,0,0,0,0,2014,Other
VNM,Vietnam,110,0.0,0,0,0,0,2014,Asia
CZE,Czech Republic,110,0.0,0,0,0,0,2014,Europe
GAB,Gabon,110,0.0,0,0,0,0,2014,Other
TWN,Taiwan,110,0.0,0,0,0,0,2014,Other
POL,Poland,110,0.0,0,0,0,0,2014,Europe
ARM,Armenia,110,0.0,0,0,0,0,2014,Other
MDA,Moldova,110,0.0,0,0,0,0,2014,Other
MUS,Mauritius,110,0.0,0,0,0,0,2014,Other
TGO,Togo,110,0.0,0,0,0,0,2014,Other
BOL,Bolivia,110,0.0,0,0,0,0,2014,South America
BTN,Bhutan,110,0.0,0,0,0,0,2014,Other
BWA,Botswana,110,0.0,0,0,0,0,2014,Other
COG,Republic of the Congo,110,0.0,0,0,0,0,2014,Other
CRI,Costa Rica,110,0.0,0,0,0,0,2014,Other
CUB,Cuba,110,0.0,0,0,0,0,2014,Other
DOM,Dominican Republic,110,0.0,0,0,0,0,2014,Other
GHA,Ghana,110,0.0,0,0,0,0,2014,Africa
GIN,Guinea,110,0.0,0,0,0,0,2014,Other
GMB,The Gambia,110,0.0,0,0,0,0,2014,Other
GNQ,Equatorial Guinea,110,0.0,0,0,0,0,2014,Other
GUY,Guyana,110,0.0,0,0,0,0,2014,Other
HTI,Haiti,110,0.0,0,0,0,0,2014,Other
ISL,Iceland,110,0.0,0,0,0,0,2014,Other
JAM,Jamaica,110,0.0,0,0,0,0,2014,Other
KOR,South Korea,110,0.0,0,0,0,0,2014,Asia
LBR,Liberia,110,0.0,0,0,0,0,2014,Other
LSO,Lesotho,110,0.0,0,0,0,0,2014,Other
LVA,Latvia,110,0.0,0,0,0,0,2014,Other
MNG,Mongolia,110,0.0,0,0,0,0,2014,Other
MWI,Malawi,110,0.0,0,0,0,0,2014,Other
NAM,Namibia,110,0.0,0,0,0,0,2014,Other
PNG,Papua New Guinea,110,0.0,0,0,0,0,2014,Oceania
PRK,North Korea,110,0.0,0,0,0,0,2014,Other
PRT,Portugal,110,0.0,0,0,0,0,2014,Europe
QAT,Qatar,110,0.0,0,0,0,0,2014,Middle East
SGP,Singapore,110,0.0,0,0,0,0,2014,Other
SVN,Slovenia,110,0.0,0,0,0,0,2014,Europe
SWZ,Eswatini,110,0.0,0,0,0,0,2014,Other
TLS,Timor-Leste,110,0.0,0,0,0,0,2014,Other
TTO,Trinidad and Tobago,110,0.0,0,0,0,0,2014,Other
ZMB,Zambia,110,0.0,0,0,0,0,2014,Africa
ZWE,Zimbabwe,110,0.0,0,0,0,0,2014,Africa
IRQ,Iraq,1,9.79372633014894,868,2974,4807,288,2015,Middle East
NGA,Nigeria,2,9.11226951135466,138,2003,1846,8,2015,Africa
AFG,Afghanistan,3,8.86429401205157,312,1008,1835,361,2015,Asia
PAK,Pakistan,4,8.74912536576618,294,658,1004,35,2015,Asia
YEM,Yemen,5,8.04071476546904,93,458,748,13,2015,Middle East
SYR,Syria,6,8.02566506801314,30,226,450,201,2015,Middle East
EGY,Egypt,7,7.83907417805271,257,481,647,41,2015,Africa
SOM,Somalia,8,7.69863379983345,99,335,247,5,2015,Other
TUR,Turkey,9,7.50347528882979,224,286,933,44,2015,Other
IND,India,10,7.43251061263587,169,135,241,336,2015,Asia
CMR,Cameroon,11,7.39473460823085,44,292,876,122,2015,Other
KEN,Kenya,12,7.27204399755268,30,205,142,1,2015,Africa
THA,Thailand,13,7.2451106405079,131,83,415,0,2015,Asia
LBY,Libya,14,7.1828605005474,80,234,181,91,2015,Africa
COL,Colombia,15,7.10230659183214,190,103,158,7,2015,South America
MLI,Mali,16,6.88435850771719,85,181,204,18,2015,Other
TCD,Chad,17,6.73697617802325,16,172,416,30,2015,Other
FRA,France,18,6.65460275885419,10,145,445,15,2015,Europe
NER,Niger,19,6.64669566989314,25,202,50,0,2015,Other
PHL,Philippines,20,6.63695007811965,44,38,148,12,2015,Asia
CHN,China,21,6.61860137452806,6,126,109,0,2015,Asia
LBN,Lebanon,22,6.59447148840531,12,60,284,4,2015,Middle East
RUS,Russia,23,6.39645292224751,24,11,25,0,2015,Europe
TUN,Tunisia,24,6.28429629859363,19,99,106,0,2015,Africa
SAU,Saudi Arabia,25,5.85869186421886,17,60,113,0,2015,Middle East
DZA,Algeria,26,5.79474063381594,12,22,14,0,2015,Africa
PSE,Palestine,27,5.75189284954739,106,17,134,6,2015,Other
KWT,Kuwait,28,5.57008094028124,1,27,227,0,2015,Middle East
ISR,Israel,29,5.54843381800648,45,9,123,0,2015,Middle East
BGD,Bangladesh,30,5.40643166399286,24,17,137,0,2015,Asia
UKR,Ukraine,31,5.38466093558856,56,10,125,2,2015,Europe
USA,United States of America,32,5.32962295389738,4,26,28,0,2015,Other
COD,Democratic Republic of the Congo,33,5.29922420984745,7,24,8,19,2015,Other
IRN,Iran,34,5.26869557086639,10,28,10,4,2015,Middle East
CAF,Central African Republic,35,5.17224404845533,6,30,21,8,2015,Other
BDI,Burundi,36,5.14944134344709,12,20,80,0,2015,Other
IDN,Indonesia,37,4.73128675234468,8,10,3,0,2015,Asia
GBR,United Kingdom,38,4.52797454392638,25,1,8,0,2015,Europe
BHR,Bahrain,39,4.50512348542946,3,2,9,0,2015,Middle East
MMR,Myanmar,40,4.49990959446792,6,6,14,0,2015,Asia
PER,Peru,41,4.49130937921943,3,7,6,0,2015,South America
SDN,Sudan,42,4.47531668711951,7,5,11,3,2015,Africa
PRY,Paraguay,43,4.38680652302897,8,9,0,1,2015,South America
ETH,Ethiopia,44,4.30085379857652,2,1,24,0,2015,Africa
SSD,South Sudan,45,4.07276543075157,6,1,0,31,2015,Other
MKD,Macedonia (FYR),46,3.99794351734149,1,5,30,0,2015,Other
CHL,Chile,47,3.85107906313869,12,0,0,0,2015,South America
NOR,Norway,48,3.78412095674011,0,0,0,0,2015,Europe
TZA,Tanzania,49,3.69119110980051,5,0,5,0,2015,Africa
TKM,Turkmenistan,50,3.651537525376,1,3,2,0,2015,Other
DEU,Germany,51,3.62840648623209,3,5,1,0,2015,Europe
BFA,Burkina Faso,52,3.47177749998986,3,4,3,1,2015,Other
BIH,Bosnia and Herzegovina,53,3.41367258609737,3,3,7,0,2015,Other
NPL,Nepal,54,3.36737929077001,2,0,0,0,2015,Asia
JOR,Jordan,55,3.33690677235789,2,4,0,0,2015,Middle East
NIC,Nicaragua,56,3.3072114155563,0,0,0,0,2015,Other
UGA,Uganda,57,3.24457464986636,2,3,4,0,2015,Africa
GRC,Greece,58,3.15255698171093,3,0,1,0,2015,Europe
MDG,Madagascar,59,3.13199291989236,0,0,0,0,2015,Other
RWA,Rwanda,59,3.13199291989236,0,0,0,0,2015,Other
SWE,Sweden,61,3.06469735854517,1,3,1,0,2015,Europe
DNK,Denmark,61,3.06469735854517,2,2,5,0,2015,Europe
MOZ,Mozambique,63,3.00252983635947,0,0,0,0,2015,Other
CIV,Cote d' Ivoire,64,2.80754039529825,0,0,0,0,2015,Other
MYS,Malaysia,65,2.80416888110616,1,0,0,2,2015,Asia
AUS,Australia,66,2.78365901162542,1,1,0,0,2015,Oceania
BLR,Belarus,67,2.77321873639432,0,0,0,0,2015,Other
BEL,Belgium,68,2.76265087826904,2,0,0,0,2015,Europe
MEX,Mexico,69,2.57321504216497,5,0,0,0,2015,North America
BGR,Bulgaria,70,2.49957122566066,0,0,0,0,2015,Europe
CAN,Canada,71,2.48990864139466,1,0,0,0,2015,North America
VEN,Venezuela,72,2.46025571485066,1,1,0,0,2015,South America
GEO,Georgia,73,2.43990672199487,0,0,0,0,2015,Other
KSV,Kosovo,74,2.31852676052605,1,0,0,0,2015,Other
MAR,Morocco,75,2.28223644448305,0,0,0,0,2015,Africa
ARE,United Arab Emirates,76,2.26979317520095,1,0,1,0,2015,Middle East
KAZ,Kazakhstan,77,2.21814844117293,0,0,0,0,2015,Asia
DJI,Djibouti,78,2.10457007854592,0,0,0,0,2015,Other
ITA,Italy,79,2.09695071388347,2,0,0,0,2015,Europe
GTM,Guatemala,80,2.04164834957969,0,0,0,0,2015,Other
KGZ,Kyrgyz Republic,81,1.81963900407464,0,0,0,0,2015,Other
IRL,Ireland,82,1.73086448260274,0,0,0,0,2015,Europe
BRA,Brazil,82,1.73086448260274,2,0,0,0,2015,South America
CZE,Czech Republic,82,1.73086448260274,2,0,0,0,2015,Europe
KOR,South Korea,85,1.52018198264983,1,0,1,0,2015,Asia
MRT,Mauritania,86,1.40895466531747,0,0,0,0,2015,Other
ECU,Ecuador,87,1.39182950581271,1,0,0,0,2015,South America
ESP,Spain,88,1.2812801910983,0,0,0,0,2015,Europe
UZB,Uzbekistan,88,1.2812801910983,1,0,0,0,2015,Asia
JPN,Japan,90,1.24105004001805,1,0,0,0,2015,Asia
ZAF,South Africa,90,1.24105004001805,1,0,0,0,2015,Africa
AGO,Angola,90,1.24105004001805,0,0,0,0,2015,Other
SRB,Serbia,90,1.24105004001805,0,0,0,0,2015,Other
ARG,Argentina,94,1.1544986362098,0,0,0,0,2015,South America
TJK,Tajikistan,95,1.10774171984795,0,0,0,0,2015,Other
SLE,Sierra Leone,96,0.890406938670335,0,0,0,0,2015,Other
HUN,Hungary,97,0.826318935360223,0,0,0,0,2015,Europe
GNB,Guinea-Bissau,97,0.826318935360223,0,0,0,0,2015,Other
LKA,Sri Lanka,99,0.757098618500233,0,0,0,0,2015,Asia
AZE,Azerbaijan,100,0.681851850109894,0,0,0,0,2015,Other
HRV,Croatia,100,0.681851850109894,0,0,0,0,2015,Other
KHM,Cambodia,102,0.59942834098841,0,0,0,0,2015,Other
EST,Estonia,103,0.555070295221389,0,0,0,0,2015,Other
CHE,Switzerland,104,0.406455517152519,0,0,0,0,2015,Europe
CYP,Cyprus,105,0.157670277511823,0,0,0,0,2015,Other
NZL,New Zealand,106,0.0,0,0,0,0,2015,Oceania
AUT,Austria,106,0.0,0,0,0,0,2015,Europe
SEN,Senegal,106,0.0,0,0,0,0,2015,Other
LAO,Laos,106,0.0,0,0,0,0,2015,Other
BEN,Benin,106,0.0,0,0,0,0,2015,Other
NLD,Netherlands,106,0.0,0,0,0,0,2015,Europe
URY,Uruguay,106,0.0,0,0,0,0,2015,South America
ROU,Romania,106,0.0,0,0,0,0,2015,Europe
FIN,Finland,106,0.0,0,0,0,0,2015,Europe
LTU,Lithuania,106,0.0,0,0,0,0,2015,Other
VNM,Vietnam,106,0.0,0,0,0,0,2015,Asia
GAB,Gabon,106,0.0,0,0,0,0,2015,Other
TWN,Taiwan,106,0.0,0,0,0,0,2015,Other
POL,Poland,106,0.0,0,0,0,0,2015,Europe
ARM,Armenia,106,0.0,0,0,0,0,2015,Other
MDA,Moldova,106,0.0,0,0,0,0,2015,Other
MUS,Mauritius,106,0.0,0,0,0,0,2015,Other
TGO,Togo,106,0.0,0,0,0,0,2015,Other
ALB,Albania,106,0.0,0,0,0,0,2015,Other
BOL,Bolivia,106,0.0,0,0,0,0,2015,South America
BTN,Bhutan,106,0.0,0,0,0,0,2015,Other
BWA,Botswana,106,0.0,0,0,0,0,2015,Other
COG,Republic of the Congo,106,0.0,0,0,0,0,2015,Other
CRI,Costa Rica,106,0.0,0,0,0,0,2015,Other
CUB,Cuba,106,0.0,0,0,0,0,2015,Other
DOM,Dominican Republic,106,0.0,0,0,0,0,2015,Other
ERI,Eritrea,106,0.0,0,0,0,0,2015,Other
GHA,Ghana,106,0.0,0,0,0,0,2015,Africa
GIN,Guinea,106,0.0,0,0,0,0,2015,Other
GMB,The Gambia,106,0.0,0,0,0,0,2015,Other
GNQ,Equatorial Guinea,106,0.0,0,0,0,0,2015,Other
GUY,Guyana,106,0.0,0,0,0,0,2015,Other
HND,Honduras,106,0.0,0,0,0,0,2015,Other
HTI,Haiti,106,0.0,0,0,0,0,2015,Other
ISL,Iceland,106,0.0,0,0,0,0,2015,Other
JAM,Jamaica,106,0.0,0,0,0,0,2015,Other
LBR,Liberia,106,0.0,0,0,0,0,2015,Other
LSO,Lesotho,106,0.0,0,0,0,0,2015,Other
LVA,Latvia,106,0.0,0,0,0,0,2015,Other
MNE,Montenegro,106,0.0,0,0,0,0,2015,Other
MNG,Mongolia,106,0.0,0,0,0,0,2015,Other
MWI,Malawi,106,0.0,0,0,0,0,2015,Other
NAM,Namibia,106,0.0,0,0,0,0,2015,Other
OMN,Oman,106,0.0,0,0,0,0,2015,Middle East
PAN,Panama,106,0.0,0,0,0,0,2015,Other
PNG,Papua New Guinea,106,0.0,0,0,0,0,2015,Oceania
PRK,North Korea,106,0.0,0,0,0,0,2015,Other
PRT,Portugal,106,0.0,0,0,0,0,2015,Europe
QAT,Qatar,106,0.0,0,0,0,0,2015,Middle East
SGP,Singapore,106,0.0,0,0,0,0,2015,Other
SLV,El Salvador,106,0.0,0,0,0,0,2015,Other
SVK,Slovakia,106,0.0,0,0,0,0,2015,Europe
SVN,Slovenia,106,0.0,0,0,0,0,2015,Europe
SWZ,Eswatini,106,0.0,0,0,0,0,2015,Other
TLS,Timor-Leste,106,0.0,0,0,0,0,2015,Other
TTO,Trinidad and Tobago,106,0.0,0,0,0,0,2015,Other
ZMB,Zambia,106,0.0,0,0,0,0,2015,Africa
ZWE,Zimbabwe,106,0.0,0,0,0,0,2015,Africa
IRQ,Iraq,1,10.0,1545,4514,4514,20,2016,Middle East
NGA,Nigeria,2,8.76068841186664,147,518,518,108,2016,Africa
AFG,Afghanistan,3,8.71357321104664,179,643,643,153,2016,Asia
PAK,Pakistan,4,8.60083118874692,247,631,631,31,2016,Asia
SOM,Somalia,5,8.18490875982509,292,760,760,4,2016,Other
TUR,Turkey,6,8.17335727543639,247,591,591,7,2016,Other
SYR,Syria,7,8.09880903867057,26,531,531,0,2016,Middle East
EGY,Egypt,8,7.89251932336951,221,349,349,0,2016,Africa
YEM,Yemen,9,7.88990096485981,52,342,342,0,2016,Middle East
IND,India,10,7.52060276158294,250,216,216,4,2016,Asia
CMR,Cameroon,11,7.26428118958749,35,148,148,5,2016,Other
THA,Thailand,12,7.10705416202409,152,67,67,0,2016,Asia
MLI,Mali,13,7.04000985903159,93,144,144,5,2016,Other
KEN,Kenya,14,6.90928100082988,35,54,54,4,2016,Africa
LBY,Libya,15,6.89955220601417,12,81,81,0,2016,Africa
FRA,France,16,6.83035659517604,9,90,90,0,2016,Europe
COL,Colombia,17,6.82186820391618,104,44,44,13,2016,South America
PHL,Philippines,18,6.7757039090188,62,91,91,32,2016,Asia
NER,Niger,19,6.67529032363473,18,108,108,1,2016,Other
TCD,Chad,20,6.27714069428737,5,11,11,0,2016,Other
LBN,Lebanon,21,6.17541982937983,12,13,13,0,2016,Middle East
CHN,China,22,6.05493825411349,2,3,3,0,2016,Asia
TUN,Tunisia,23,6.03478606886304,12,28,28,1,2016,Africa
RUS,Russia,24,6.02936973110518,23,19,19,0,2016,Europe
USA,United States of America,25,5.88044572477994,8,49,49,0,2016,Other
PSE,Palestine,26,5.82082938688291,92,6,6,0,2016,Other
BEL,Belgium,27,5.77363658729867,5,32,32,0,2016,Europe
SAU,Saudi Arabia,28,5.75401394447291,29,22,22,0,2016,Middle East
BGD,Bangladesh,29,5.75088630166082,24,42,42,0,2016,Asia
BFA,Burkina Faso,30,5.61260262981011,6,53,53,2,2016,Other
ISR,Israel,31,5.43317910372611,25,9,9,0,2016,Middle East
DZA,Algeria,32,5.34550439395086,6,11,11,0,2016,Africa
CAF,Central African Republic,33,5.29771365523647,1,14,14,0,2016,Other
DEU,Germany,34,5.2018822450598,29,15,15,0,2016,Europe
COD,Democratic Republic of the Congo,35,5.02465284677567,3,4,4,3,2016,Other
KWT,Kuwait,36,4.98079931944197,1,0,0,0,2016,Middle East
GBR,United Kingdom,37,4.96595037468554,44,6,6,0,2016,Europe
UKR,Ukraine,38,4.9354649831696,12,1,1,0,2016,Europe
IRN,Iran,39,4.85102798700369,2,5,5,0,2016,Middle East
IDN,Indonesia,40,4.80483404066411,10,8,8,0,2016,Asia
CIV,Cote d' Ivoire,41,4.77974618574698,1,19,19,0,2016,Other
JOR,Jordan,42,4.74607605296245,3,16,16,0,2016,Middle East
MMR,Myanmar,43,4.60708635500437,9,10,10,0,2016,Asia
BDI,Burundi,44,4.52197062136812,2,0,0,0,2016,Other
PER,Peru,45,4.51965027574502,1,10,10,0,2016,South America
PRY,Paraguay,46,4.467454884839,5,8,8,1,2016,South America
MDG,Madagascar,47,4.4388516620323,1,2,2,0,2016,Other
MOZ,Mozambique,48,4.42600161438672,8,7,7,0,2016,Other
BHR,Bahrain,49,4.38409302128929,9,3,3,0,2016,Middle East
LAO,Laos,50,4.27472882724673,4,11,11,0,2016,Other
CHL,Chile,51,4.13729851502618,23,0,0,0,2016,South America
KAZ,Kazakhstan,52,4.04021777648151,2,10,10,0,2016,Asia
SDN,Sudan,53,3.82137931006798,0,0,0,0,2016,Africa
ETH,Ethiopia,54,3.70082677823231,0,0,0,0,2016,Africa
SSD,South Sudan,55,3.48109312645987,0,0,0,0,2016,Other
MYS,Malaysia,56,3.43835910425916,4,0,0,9,2016,Asia
NPL,Nepal,57,3.43673508069285,10,0,0,0,2016,Asia
MKD,Macedonia (FYR),58,3.40696873628666,0,0,0,0,2016,Other
GRC,Greece,59,3.36561620698927,9,0,0,0,2016,Europe
MEX,Mexico,60,3.21986461753708,6,1,1,0,2016,North America
TZA,Tanzania,61,3.17704437125172,1,0,0,0,2016,Africa
AUT,Austria,62,3.1411929246903,2,2,2,0,2016,Europe
TKM,Turkmenistan,63,3.06469735854517,0,0,0,0,2016,Other
KSV,Kosovo,64,2.85021432700837,6,0,0,0,2016,Other
BIH,Bosnia and Herzegovina,65,2.82420357546861,0,0,0,0,2016,Other
SWE,Sweden,66,2.7555332060325,2,0,0,0,2016,Europe
CAN,Canada,67,2.74111966746439,3,0,0,0,2016,North America
NIC,Nicaragua,68,2.72646182003247,0,0,0,0,2016,Other
UGA,Uganda,69,2.66521199549208,0,0,0,0,2016,Africa
AUS,Australia,70,2.63287954583076,2,0,0,0,2016,Oceania
GEO,Georgia,71,2.59068618778953,1,0,0,0,2016,Other
RWA,Rwanda,72,2.55538364146546,0,0,0,0,2016,Other
DNK,Denmark,73,2.48990864139466,0,0,0,0,2016,Europe
ITA,Italy,74,2.48503655924097,4,0,0,0,2016,Europe
KGZ,Kyrgyz Republic,75,2.38683533002177,2,0,0,0,2016,Other
VEN,Venezuela,76,2.16322253728063,1,0,0,0,2016,South America
BGR,Bulgaria,77,1.93774847442113,0,0,0,0,2016,Europe
HUN,Hungary,78,1.81963900407464,1,0,0,0,2016,Europe
BRA,Brazil,79,1.73086448260274,1,0,0,0,2016,South America
ARE,United Arab Emirates,79,1.73086448260274,0,0,0,0,2016,Middle East
CZE,Czech Republic,79,1.73086448260274,1,0,0,0,2016,Europe
IRL,Ireland,82,1.70717006083636,1,0,0,0,2016,Europe
DJI,Djibouti,83,1.5778561694534,0,0,0,0,2016,Other
ESP,Spain,84,1.52018198264983,1,0,0,0,2016,Europe
POL,Poland,84,1.52018198264983,1,0,0,0,2016,Europe
GTM,Guatemala,84,1.52018198264983,0,0,0,0,2016,Other
ARG,Argentina,87,1.45838482119566,1,0,0,0,2016,South America
CYP,Cyprus,88,1.24105004001805,1,0,0,0,2016,Other
ARM,Armenia,88,1.24105004001805,1,0,0,0,2016,Other
AZE,Azerbaijan,88,1.24105004001805,1,0,0,0,2016,Other
MDA,Moldova,88,1.24105004001805,1,0,0,0,2016,Other
MUS,Mauritius,88,1.24105004001805,1,0,0,0,2016,Other
KOR,South Korea,93,1.05831156396975,0,0,0,0,2016,Asia
ECU,Ecuador,94,0.950071442336124,0,0,0,0,2016,South America
JPN,Japan,95,0.826318935360223,0,0,0,0,2016,Asia
ZAF,South Africa,95,0.826318935360223,0,0,0,0,2016,Africa
AGO,Angola,95,0.826318935360223,0,0,0,0,2016,Other
UZB,Uzbekistan,95,0.826318935360223,0,0,0,0,2016,Asia
SRB,Serbia,95,0.826318935360223,0,0,0,0,2016,Other
TJK,Tajikistan,100,0.681851850109894,0,0,0,0,2016,Other
SLE,Sierra Leone,101,0.555070295221389,0,0,0,0,2016,Other
GNB,Guinea-Bissau,102,0.508313378859537,0,0,0,0,2016,Other
LKA,Sri Lanka,103,0.458883222981342,0,0,0,0,2016,Asia
HRV,Croatia,104,0.406455517152519,0,0,0,0,2016,Other
KHM,Cambodia,105,0.350643101347714,0,0,0,0,2016,Other
CHE,Switzerland,106,0.0,0,0,0,0,2016,Europe
NZL,New Zealand,106,0.0,0,0,0,0,2016,Oceania
SEN,Senegal,106,0.0,0,0,0,0,2016,Other
BEN,Benin,106,0.0,0,0,0,0,2016,Other
NLD,Netherlands,106,0.0,0,0,0,0,2016,Europe
URY,Uruguay,106,0.0,0,0,0,0,2016,South America
MAR,Morocco,106,0.0,0,0,0,0,2016,Africa
NOR,Norway,106,0.0,0,0,0,0,2016,Europe
ROU,Romania,106,0.0,0,0,0,0,2016,Europe
FIN,Finland,106,0.0,0,0,0,0,2016,Europe
LTU,Lithuania,106,0.0,0,0,0,0,2016,Other
MRT,Mauritania,106,0.0,0,0,0,0,2016,Other
VNM,Vietnam,106,0.0,0,0,0,0,2016,Asia
GAB,Gabon,106,0.0,0,0,0,0,2016,Other
TWN,Taiwan,106,0.0,0,0,0,0,2016,Other
TGO,Togo,106,0.0,0,0,0,0,2016,Other
ALB,Albania,106,0.0,0,0,0,0,2016,Other
BLR,Belarus,106,0.0,0,0,0,0,2016,Other
BOL,Bolivia,106,0.0,0,0,0,0,2016,South America
BTN,Bhutan,106,0.0,0,0,0,0,2016,Other
BWA,Botswana,106,0.0,0,0,0,0,2016,Other
COG,Republic of the Congo,106,0.0,0,0,0,0,2016,Other
CRI,Costa Rica,106,0.0,0,0,0,0,2016,Other
CUB,Cuba,106,0.0,0,0,0,0,2016,Other
DOM,Dominican Republic,106,0.0,0,0,0,0,2016,Other
ERI,Eritrea,106,0.0,0,0,0,0,2016,Other
EST,Estonia,106,0.0,0,0,0,0,2016,Other
GHA,Ghana,106,0.0,0,0,0,0,2016,Africa
GIN,Guinea,106,0.0,0,0,0,0,2016,Other
GMB,The Gambia,106,0.0,0,0,0,0,2016,Other
GNQ,Equatorial Guinea,106,0.0,0,0,0,0,2016,Other
GUY,Guyana,106,0.0,0,0,0,0,2016,Other
HND,Honduras,106,0.0,0,0,0,0,2016,Other
HTI,Haiti,106,0.0,0,0,0,0,2016,Other
ISL,Iceland,106,0.0,0,0,0,0,2016,Other
JAM,Jamaica,106,0.0,0,0,0,0,2016,Other
LBR,Liberia,106,0.0,0,0,0,0,2016,Other
LSO,Lesotho,106,0.0,0,0,0,0,2016,Other
LVA,Latvia,106,0.0,0,0,0,0,2016,Other
MNE,Montenegro,106,0.0,0,0,0,0,2016,Other
MNG,Mongolia,106,0.0,0,0,0,0,2016,Other
MWI,Malawi,106,0.0,0,0,0,0,2016,Other
NAM,Namibia,106,0.0,0,0,0,0,2016,Other
OMN,Oman,106,0.0,0,0,0,0,2016,Middle East
PAN,Panama,106,0.0,0,0,0,0,2016,Other
PNG,Papua New Guinea,106,0.0,0,0,0,0,2016,Oceania
PRK,North Korea,106,0.0,0,0,0,0,2016,Other
PRT,Portugal,106,0.0,0,0,0,0,2016,Europe
QAT,Qatar,106,0.0,0,0,0,0,2016,Middle East
SGP,Singapore,106,0.0,0,0,0,0,2016,Other
SLV,El Salvador,106,0.0,0,0,0,0,2016,Other
SVK,Slovakia,106,0.0,0,0,0,0,2016,Europe
SVN,Slovenia,106,0.0,0,0,0,0,2016,Europe
SWZ,Eswatini,106,0.0,0,0,0,0,2016,Other
TLS,Timor-Leste,106,0.0,0,0,0,0,2016,Other
TTO,Trinidad and Tobago,106,0.0,0,0,0,0,2016,Other
ZMB,Zambia,106,0.0,0,0,0,0,2016,Africa
ZWE,Zimbabwe,106,0.0,0,0,0,0,2016,Africa
IRQ,Iraq,1,9.74226397279452,1194,1732,3708,69,2017,Middle East
AFG,Afghanistan,2,8.8521582567026,314,1256,2168,74,2017,Asia
SOM,Somalia,3,8.73583587614976,439,1535,1205,24,2017,Other
NGA,Nigeria,4,8.64388665643285,186,794,798,99,2017,Africa
PAK,Pakistan,5,8.52563680755891,259,632,1465,22,2017,Asia
EGY,Egypt,6,8.17963488141623,160,703,601,9,2017,Africa
SYR,Syria,7,7.9635080118015,25,376,545,0,2017,Middle East
TUR,Turkey,8,7.83444000770734,113,154,307,4,2017,Other
IND,India,9,7.71142448572827,432,243,483,38,2017,Asia
MLI,Mali,10,7.50505177767785,191,296,404,47,2017,Other
YEM,Yemen,11,7.4970067274655,44,120,129,0,2017,Middle East
CMR,Cameroon,12,7.27404596614114,87,170,194,33,2017,Other
PHL,Philippines,13,7.05433195359605,154,129,278,66,2017,Asia
KEN,Kenya,14,6.95931355324636,59,143,77,16,2017,Africa
THA,Thailand,15,6.90127006236044,92,51,236,4,2017,Asia
COL,Colombia,16,6.73797742624366,95,57,200,4,2017,South America
USA,United States of America,17,6.61403521123875,20,74,547,0,2017,Other
NER,Niger,18,6.59261317254196,14,74,63,40,2017,Other
LBY,Libya,19,6.45341498653158,14,15,57,12,2017,Africa
FRA,France,20,6.34182436694856,41,3,17,0,2017,Europe
BFA,Burkina Faso,21,6.21922290401884,60,72,65,7,2017,Other
GBR,United Kingdom,22,6.0263640153452,64,37,218,0,2017,Europe
RUS,Russia,23,5.88294679433945,12,30,78,0,2017,Europe
TCD,Chad,24,5.81492634488469,1,9,20,0,2017,Other
ETH,Ethiopia,25,5.73803424376563,30,54,74,0,2017,Africa
PSE,Palestine,26,5.736783968823,50,13,36,0,2017,Other
LBN,Lebanon,27,5.63809091083461,4,3,8,0,2017,Middle East
CHN,China,28,5.62317367758944,4,10,8,0,2017,Asia
TUN,Tunisia,29,5.61823050721013,16,5,17,0,2017,Africa
BGD,Bangladesh,30,5.59361878389931,20,11,57,0,2017,Asia
ISR,Israel,31,5.36302918507619,45,5,29,0,2017,Middle East
SAU,Saudi Arabia,32,5.33687796536509,6,5,15,0,2017,Middle East
BEL,Belgium,33,5.21943783893352,6,0,1,0,2017,Europe
IRN,Iran,34,5.16874108753443,7,17,47,0,2017,Middle East
BDI,Burundi,35,5.15190545992944,4,13,97,0,2017,Other
ESP,Spain,36,5.14652012465434,3,16,136,0,2017,Europe
DZA,Algeria,37,5.03290622091392,8,7,16,0,2017,Africa
IDN,Indonesia,38,4.87907776355838,17,6,29,0,2017,Asia
DEU,Germany,39,4.86858782472565,16,1,8,0,2017,Europe
MMR,Myanmar,40,4.83471971779136,5,15,5,0,2017,Asia
MOZ,Mozambique,41,4.79272002054926,8,12,15,4,2017,Other
NPL,Nepal,42,4.77664471573444,53,1,31,0,2017,Asia
CAF,Central African Republic,43,4.69752904634248,0,0,0,0,2017,Other
UKR,Ukraine,44,4.60414130420658,6,3,5,0,2017,Europe
BHR,Bahrain,45,4.58539630382567,14,4,25,0,2017,Middle East
CHL,Chile,46,4.5293541650032,37,0,6,0,2017,South America
KWT,Kuwait,47,4.38354929772852,0,0,0,0,2017,Middle East
COD,Democratic Republic of the Congo,48,4.35028395445471,0,0,0,0,2017,Other
CAN,Canada,49,4.24587883819641,8,6,25,0,2017,North America
PER,Peru,50,4.23302879055083,2,4,0,0,2017,South America
GRC,Greece,51,4.20874080714482,29,0,8,0,2017,Europe
CIV,Cote d' Ivoire,52,4.15589691559407,0,0,0,0,2017,Other
JOR,Jordan,53,4.14736271184521,0,0,0,0,2017,Middle East
MEX,Mexico,54,3.9508089624169,8,5,1,0,2017,North America
PRY,Paraguay,55,3.90380281918947,1,0,0,0,2017,South America
MDG,Madagascar,56,3.84197057559517,0,0,0,0,2017,Other
SWE,Sweden,57,3.78737818204056,8,4,2,0,2017,Europe
LAO,Laos,58,3.6814468681722,0,0,0,0,2017,Other
SDN,Sudan,59,3.61396011347678,3,2,0,0,2017,Africa
KAZ,Kazakhstan,60,3.446433787525,0,0,0,0,2017,Asia
ARG,Argentina,61,3.11329397961675,9,0,3,0,2017,South America
FIN,Finland,62,3.10379067195032,1,2,8,0,2017,Europe
MKD,Macedonia (FYR),63,2.92385814351269,1,0,0,0,2017,Other
AUS,Australia,64,2.90000029128283,1,1,3,0,2017,Oceania
SSD,South Sudan,65,2.89697124337022,0,0,0,0,2017,Other
MYS,Malaysia,66,2.84378461489953,0,0,0,0,2017,Asia
ITA,Italy,67,2.78365901162542,5,0,0,0,2017,Europe
TZA,Tanzania,68,2.59929115724318,0,0,0,0,2017,Africa
AUT,Austria,69,2.56434529984762,0,0,0,0,2017,Europe
TKM,Turkmenistan,70,2.48990864139466,0,0,0,0,2017,Other
TJK,Tajikistan,71,2.30659840182477,1,1,0,0,2017,Other
NLD,Netherlands,72,2.26979317520095,1,1,0,0,2017,Europe
BIH,Bosnia and Herzegovina,73,2.25716824594657,0,0,0,0,2017,Other
KSV,Kosovo,74,2.24435627391112,0,0,0,0,2017,Other
NIC,Nicaragua,75,2.16322253728063,0,0,0,0,2017,Other
UGA,Uganda,76,2.10457007854592,0,0,0,0,2017,Africa
CZE,Czech Republic,77,2.04164834957969,2,0,0,0,2017,Europe
DNK,Denmark,78,1.93774847442113,0,0,0,0,2017,Europe
RWA,Rwanda,78,1.93774847442113,0,0,0,0,2017,Other
KGZ,Kyrgyz Republic,80,1.84047838100646,0,0,0,0,2017,Other
GEO,Georgia,81,1.74247260716042,0,0,0,0,2017,Other
URY,Uruguay,82,1.73086448260274,2,0,0,0,2017,South America
CYP,Cyprus,82,1.73086448260274,1,0,1,0,2017,Other
GAB,Gabon,82,1.73086448260274,1,0,2,0,2017,Other
VEN,Venezuela,85,1.63192329244602,0,0,0,0,2017,South America
LKA,Sri Lanka,86,1.52018198264983,1,0,1,0,2017,Asia
TWN,Taiwan,86,1.52018198264983,1,0,1,0,2017,Other
HUN,Hungary,88,1.31972173286483,0,0,0,0,2017,Europe
CHE,Switzerland,89,1.24105004001805,1,0,0,0,2017,Europe
BRA,Brazil,89,1.24105004001805,0,0,0,0,2017,South America
NOR,Norway,89,1.24105004001805,1,0,0,0,2017,Europe
ARE,United Arab Emirates,89,1.24105004001805,0,0,0,0,2017,Middle East
IRL,Ireland,93,1.19885668197682,0,0,0,0,2017,Europe
DJI,Djibouti,94,1.10774171984795,0,0,0,0,2017,Other
POL,Poland,95,1.05831156396975,0,0,0,0,2017,Europe
ARM,Armenia,96,0.826318935360223,0,0,0,0,2017,Other
AZE,Azerbaijan,96,0.826318935360223,0,0,0,0,2017,Other
MDA,Moldova,96,0.826318935360223,0,0,0,0,2017,Other
MUS,Mauritius,96,0.826318935360223,0,0,0,0,2017,Other
KOR,South Korea,100,0.681851850109894,0,0,0,0,2017,Asia
ECU,Ecuador,101,0.59942834098841,0,0,0,0,2017,South America
ZAF,South Africa,102,0.508313378859537,0,0,0,0,2017,Africa
AGO,Angola,102,0.508313378859537,0,0,0,0,2017,Other
JPN,Japan,102,0.508313378859537,0,0,0,0,2017,Asia
UZB,Uzbekistan,102,0.508313378859537,0,0,0,0,2017,Asia
SRB,Serbia,106,0.290978597681926,0,0,0,0,2017,Other
HRV,Croatia,107,0.226890594371813,0,0,0,0,2017,Other
SEN,Senegal,108,0.0,0,0,0,0,2017,Other
MAR,Morocco,108,0.0,0,0,0,0,2017,Africa
ROU,Romania,108,0.0,0,0,0,0,2017,Europe
MRT,Mauritania,108,0.0,0,0,0,0,2017,Other
VNM,Vietnam,108,0.0,0,0,0,0,2017,Asia
NZL,New Zealand,108,0.0,0,0,0,0,2017,Oceania
BEN,Benin,108,0.0,0,0,0,0,2017,Other
LTU,Lithuania,108,0.0,0,0,0,0,2017,Other
TGO,Togo,108,0.0,0,0,0,0,2017,Other
ALB,Albania,108,0.0,0,0,0,0,2017,Other
BGR,Bulgaria,108,0.0,0,0,0,0,2017,Europe
BLR,Belarus,108,0.0,0,0,0,0,2017,Other
BOL,Bolivia,108,0.0,0,0,0,0,2017,South America
BTN,Bhutan,108,0.0,0,0,0,0,2017,Other
BWA,Botswana,108,0.0,0,0,0,0,2017,Other
COG,Republic of the Congo,108,0.0,0,0,0,0,2017,Other
CRI,Costa Rica,108,0.0,0,0,0,0,2017,Other
CUB,Cuba,108,0.0,0,0,0,0,2017,Other
DOM,Dominican Republic,108,0.0,0,0,0,0,2017,Other
ERI,Eritrea,108,0.0,0,0,0,0,2017,Other
EST,Estonia,108,0.0,0,0,0,0,2017,Other
GHA,Ghana,108,0.0,0,0,0,0,2017,Africa
GIN,Guinea,108,0.0,0,0,0,0,2017,Other
GMB,The Gambia,108,0.0,0,0,0,0,2017,Other
GNB,Guinea-Bissau,108,0.0,0,0,0,0,2017,Other
GNQ,Equatorial Guinea,108,0.0,0,0,0,0,2017,Other
GTM,Guatemala,108,0.0,0,0,0,0,2017,Other
GUY,Guyana,108,0.0,0,0,0,0,2017,Other
HND,Honduras,108,0.0,0,0,0,0,2017,Other
HTI,Haiti,108,0.0,0,0,0,0,2017,Other
ISL,Iceland,108,0.0,0,0,0,0,2017,Other
JAM,Jamaica,108,0.0,0,0,0,0,2017,Other
KHM,Cambodia,108,0.0,0,0,0,0,2017,Other
LBR,Liberia,108,0.0,0,0,0,0,2017,Other
LSO,Lesotho,108,0.0,0,0,0,0,2017,Other
LVA,Latvia,108,0.0,0,0,0,0,2017,Other
MNE,Montenegro,108,0.0,0,0,0,0,2017,Other
MNG,Mongolia,108,0.0,0,0,0,0,2017,Other
MWI,Malawi,108,0.0,0,0,0,0,2017,Other
NAM,Namibia,108,0.0,0,0,0,0,2017,Other
OMN,Oman,108,0.0,0,0,0,0,2017,Middle East
PAN,Panama,108,0.0,0,0,0,0,2017,Other
PNG,Papua New Guinea,108,0.0,0,0,0,0,2017,Oceania
PRK,North Korea,108,0.0,0,0,0,0,2017,Other
PRT,Portugal,108,0.0,0,0,0,0,2017,Europe
QAT,Qatar,108,0.0,0,0,0,0,2017,Middle East
SGP,Singapore,108,0.0,0,0,0,0,2017,Other
SLE,Sierra Leone,108,0.0,0,0,0,0,2017,Other
SLV,El Salvador,108,0.0,0,0,0,0,2017,Other
SVK,Slovakia,108,0.0,0,0,0,0,2017,Europe
SVN,Slovenia,108,0.0,0,0,0,0,2017,Europe
SWZ,Eswatini,108,0.0,0,0,0,0,2017,Other
TLS,Timor-Leste,108,0.0,0,0,0,0,2017,Other
TTO,Trinidad and Tobago,108,0.0,0,0,0,0,2017,Other
ZMB,Zambia,108,0.0,0,0,0,0,2017,Africa
ZWE,Zimbabwe,108,0.0,0,0,0,0,2017,Africa
IRQ,Iraq,1,9.42187101436753,967,1083,1909,98,2018,Middle East
AFG,Afghanistan,2,9.06652891816506,379,1624,2882,466,2018,Asia
SOM,Somalia,3,8.67457999951746,408,833,819,15,2018,Other
NGA,Nigeria,4,8.50647222108339,151,642,611,259,2018,Africa
PAK,Pakistan,5,8.37367314405971,222,502,1014,3,2018,Asia
IND,India,6,7.89578584686805,542,312,484,66,2018,Asia
EGY,Egypt,7,7.851519019366,117,185,174,0,2018,Africa
SYR,Syria,8,7.82179614630118,26,323,393,0,2018,Middle East
MLI,Mali,9,7.70818340581267,207,340,336,30,2018,Other
CMR,Cameroon,10,7.62365657909601,276,279,287,293,2018,Other
TUR,Turkey,11,7.41075633513863,66,66,93,0,2018,Other
PHL,Philippines,12,7.1957331109355,189,124,332,64,2018,Asia
YEM,Yemen,13,7.18571875654742,45,92,145,18,2018,Middle East
COL,Colombia,14,7.05932490894607,233,131,185,49,2018,South America
BFA,Burkina Faso,15,6.85242626239726,137,144,140,33,2018,Other
LBY,Libya,16,6.76472063240876,32,113,262,31,2018,Africa
KEN,Kenya,17,6.67594330148065,35,57,58,0,2018,Africa
THA,Thailand,18,6.6616578475248,100,35,115,0,2018,Asia
NER,Niger,19,6.54882015714312,26,63,77,70,2018,Other
MOZ,Mozambique,20,6.4431232872071,52,141,43,3,2018,Other
USA,United States of America,21,6.1499103429367,9,14,14,0,2018,Other
IRN,Iran,22,6.0091867730574,16,61,120,14,2018,Middle East
FRA,France,23,5.99089869990812,26,10,39,8,2018,Europe
IDN,Indonesia,24,5.8461540966702,27,61,34,0,2018,Asia
TCD,Chad,25,5.83668069163132,5,40,13,10,2018,Other
GBR,United Kingdom,26,5.69040611457597,46,1,22,0,2018,Europe
PSE,Palestine,27,5.67307211239933,52,10,40,1,2018,Other
TUN,Tunisia,28,5.5231784237347,18,16,37,0,2018,Africa
TJK,Tajikistan,29,5.46677364783521,2,56,3,0,2018,Other
RUS,Russia,30,5.42604006487656,14,8,17,0,2018,Europe
ISR,Israel,31,5.36530426477221,52,3,35,0,2018,Middle East
NPL,Nepal,32,5.25391243661138,78,3,20,0,2018,Asia
ETH,Ethiopia,33,5.15814625615199,2,0,2,0,2018,Africa
VEN,Venezuela,34,5.12832287680465,5,34,19,0,2018,South America
CHL,Chile,35,5.12255680467022,81,1,7,0,2018,South America
DZA,Algeria,36,5.11301641890588,8,18,15,0,2018,Africa
LBN,Lebanon,37,5.07106870560282,2,4,2,0,2018,Middle East
BGD,Bangladesh,38,5.03316287391919,2,1,1,0,2018,Asia
CHN,China,39,5.01133402484579,0,0,0,0,2018,Asia
SAU,Saudi Arabia,40,4.961780013148,2,6,4,0,2018,Middle East
DEU,Germany,41,4.91334930472509,47,0,2,0,2018,Europe
MMR,Myanmar,42,4.79542672790728,7,5,34,0,2018,Asia
BEL,Belgium,43,4.77871359780948,2,3,3,1,2018,Europe
CAN,Canada,44,4.71438712978121,2,12,27,0,2018,North America
ESP,Spain,45,4.57760922704372,2,0,0,0,2018,Europe
BDI,Burundi,46,4.55471114832839,0,0,0,0,2018,Other
GRC,Greece,47,4.49178941936215,32,0,9,0,2018,Europe
ECU,Ecuador,48,4.33431108332152,8,6,39,2,2018,South America
UKR,Ukraine,49,4.32911365154739,8,1,7,0,2018,Europe
PER,Peru,50,4.21735236802828,4,4,10,0,2018,South America
CAF,Central African Republic,51,4.10187544855768,0,0,0,0,2018,Other
BHR,Bahrain,52,3.95260127869559,0,0,0,0,2018,Middle East
JOR,Jordan,53,3.9047494994098,1,2,5,0,2018,Middle East
MEX,Mexico,54,3.79600461062633,7,1,0,0,2018,North America
KWT,Kuwait,55,3.78954286976635,0,0,0,0,2018,Middle East
PRY,Paraguay,56,3.6765332623686,3,1,2,4,2018,South America
COD,Democratic Republic of the Congo,57,3.6073129455086,0,0,0,0,2018,Other
ITA,Italy,58,3.57744273836676,12,0,7,0,2018,Europe
CIV,Cote d' Ivoire,59,3.5493625995793,0,0,0,0,2018,Other
ARG,Argentina,60,3.39340308878744,10,0,0,0,2018,South America
SWE,Sweden,61,3.26464033648049,1,0,0,0,2018,Europe
MDG,Madagascar,62,3.24660229978686,0,0,0,0,2018,Other
SEN,Senegal,63,3.24457464986636,2,3,4,0,2018,Other
LKA,Sri Lanka,64,3.12269398841545,2,2,5,0,2018,Asia
LAO,Laos,65,3.09418176981569,0,0,0,0,2018,Other
AUS,Australia,66,3.08933698238307,2,1,3,0,2018,Oceania
MYS,Malaysia,67,2.93554470372368,2,0,0,6,2018,Asia
SDN,Sudan,68,2.88781991675726,0,0,0,0,2018,Africa
KAZ,Kazakhstan,69,2.86293208995883,0,0,0,0,2018,Asia
ZAF,South Africa,70,2.85021432700837,4,1,2,0,2018,Africa
MAR,Morocco,71,2.72646182003247,1,2,0,0,2018,Africa
ROU,Romania,72,2.59929115724318,1,0,10,0,2018,Europe
FIN,Finland,73,2.52792761178952,0,0,0,0,2018,Europe
NLD,Netherlands,74,2.45014106978246,2,0,2,0,2018,Europe
MKD,Macedonia (FYR),75,2.35335531818662,0,0,0,0,2018,Other
AUT,Austria,76,2.34190094814883,1,0,1,0,2018,Europe
SSD,South Sudan,77,2.17728451044181,0,0,0,0,2018,Other
CHE,Switzerland,78,2.16322253728063,3,0,0,0,2018,Europe
TZA,Tanzania,79,2.02517561733704,0,0,0,0,2018,Africa
KSV,Kosovo,80,1.98256639379373,1,0,0,0,2018,Other
TKM,Turkmenistan,81,1.93774847442113,0,0,0,0,2018,Other
DNK,Denmark,82,1.84047838100646,1,0,0,0,2018,Europe
MRT,Mauritania,83,1.73086448260274,1,0,2,0,2018,Other
BIH,Bosnia and Herzegovina,84,1.70717006083636,0,0,0,0,2018,Other
NIC,Nicaragua,85,1.63192329244602,0,0,0,0,2018,Other
UGA,Uganda,86,1.5778561694534,0,0,0,0,2018,Africa
BRA,Brazil,87,1.52018198264983,1,0,0,0,2018,South America
VNM,Vietnam,87,1.52018198264983,1,0,1,0,2018,Asia
CZE,Czech Republic,87,1.52018198264983,0,0,0,0,2018,Europe
AGO,Angola,90,1.31972173286483,1,0,0,0,2018,Other
URY,Uruguay,91,1.24105004001805,0,0,0,0,2018,South America
CYP,Cyprus,91,1.24105004001805,0,0,0,0,2018,Other
GAB,Gabon,91,1.24105004001805,0,0,0,0,2018,Other
GEO,Georgia,94,1.1544986362098,0,0,0,0,2018,Other
KGZ,Kyrgyz Republic,94,1.1544986362098,0,0,0,0,2018,Other
TWN,Taiwan,96,1.05831156396975,0,0,0,0,2018,Other
HUN,Hungary,97,0.890406938670335,0,0,0,0,2018,Europe
NOR,Norway,98,0.826318935360223,0,0,0,0,2018,Europe
ARE,United Arab Emirates,98,0.826318935360223,0,0,0,0,2018,Middle East
IRL,Ireland,100,0.757098618500233,0,0,0,0,2018,Europe
DJI,Djibouti,101,0.720293391876421,0,0,0,0,2018,Other
POL,Poland,102,0.681851850109894,0,0,0,0,2018,Europe
ARM,Armenia,103,0.508313378859537,0,0,0,0,2018,Other
AZE,Azerbaijan,103,0.508313378859537,0,0,0,0,2018,Other
MDA,Moldova,103,0.508313378859537,0,0,0,0,2018,Other
MUS,Mauritius,103,0.508313378859537,0,0,0,0,2018,Other
KOR,South Korea,107,0.406455517152519,0,0,0,0,2018,Asia
JPN,Japan,108,0.290978597681926,0,0,0,0,2018,Asia
UZB,Uzbekistan,108,0.290978597681926,0,0,0,0,2018,Asia
NZL,New Zealand,110,0.0,0,0,0,0,2018,Oceania
BEN,Benin,110,0.0,0,0,0,0,2018,Other
RWA,Rwanda,110,0.0,0,0,0,0,2018,Other
LTU,Lithuania,110,0.0,0,0,0,0,2018,Other
TGO,Togo,110,0.0,0,0,0,0,2018,Other
ALB,Albania,110,0.0,0,0,0,0,2018,Other
BGR,Bulgaria,110,0.0,0,0,0,0,2018,Europe
BLR,Belarus,110,0.0,0,0,0,0,2018,Other
BOL,Bolivia,110,0.0,0,0,0,0,2018,South America
BTN,Bhutan,110,0.0,0,0,0,0,2018,Other
BWA,Botswana,110,0.0,0,0,0,0,2018,Other
COG,Republic of the Congo,110,0.0,0,0,0,0,2018,Other
CRI,Costa Rica,110,0.0,0,0,0,0,2018,Other
CUB,Cuba,110,0.0,0,0,0,0,2018,Other
DOM,Dominican Republic,110,0.0,0,0,0,0,2018,Other
ERI,Eritrea,110,0.0,0,0,0,0,2018,Other
EST,Estonia,110,0.0,0,0,0,0,2018,Other
GHA,Ghana,110,0.0,0,0,0,0,2018,Africa
GIN,Guinea,110,0.0,0,0,0,0,2018,Other
GMB,The Gambia,110,0.0,0,0,0,0,2018,Other
GNB,Guinea-Bissau,110,0.0,0,0,0,0,2018,Other
GNQ,Equatorial Guinea,110,0.0,0,0,0,0,2018,Other
GTM,Guatemala,110,0.0,0,0,0,0,2018,Other
GUY,Guyana,110,0.0,0,0,0,0,2018,Other
HND,Honduras,110,0.0,0,0,0,0,2018,Other
HRV,Croatia,110,0.0,0,0,0,0,2018,Other
HTI,Haiti,110,0.0,0,0,0,0,2018,Other
ISL,Iceland,110,0.0,0,0,0,0,2018,Other
JAM,Jamaica,110,0.0,0,0,0,0,2018,Other
KHM,Cambodia,110,0.0,0,0,0,0,2018,Other
LBR,Liberia,110,0.0,0,0,0,0,2018,Other
LSO,Lesotho,110,0.0,0,0,0,0,2018,Other
LVA,Latvia,110,0.0,0,0,0,0,2018,Other
MNE,Montenegro,110,0.0,0,0,0,0,2018,Other
MNG,Mongolia,110,0.0,0,0,0,0,2018,Other
MWI,Malawi,110,0.0,0,0,0,0,2018,Other
NAM,Namibia,110,0.0,0,0,0,0,2018,Other
OMN,Oman,110,0.0,0,0,0,0,2018,Middle East
PAN,Panama,110,0.0,0,0,0,0,2018,Other
PNG,Papua New Guinea,110,0.0,0,0,0,0,2018,Oceania
PRK,North Korea,110,0.0,0,0,0,0,2018,Other
PRT,Portugal,110,0.0,0,0,0,0,2018,Europe
QAT,Qatar,110,0.0,0,0,0,0,2018,Middle East
SGP,Singapore,110,0.0,0,0,0,0,2018,Other
SLE,Sierra Leone,110,0.0,0,0,0,0,2018,Other
SLV,El Salvador,110,0.0,0,0,0,0,2018,Other
SRB,Serbia,110,0.0,0,0,0,0,2018,Other
SVK,Slovakia,110,0.0,0,0,0,0,2018,Europe
SVN,Slovenia,110,0.0,0,0,0,0,2018,Europe
SWZ,Eswatini,110,0.0,0,0,0,0,2018,Other
TLS,Timor-Leste,110,0.0,0,0,0,0,2018,Other
TTO,Trinidad and Tobago,110,0.0,0,0,0,0,2018,Other
ZMB,Zambia,110,0.0,0,0,0,0,2018,Africa
ZWE,Zimbabwe,110,0.0,0,0,0,0,2018,Africa
AFG,Afghanistan,1,9.03900560514346,380,1194,2727,2727,2019,Asia
IRQ,Iraq,2,9.01650190936496,494,533,896,896,2019,Middle East
SOM,Somalia,3,8.57545882457188,304,693,752,752,2019,Other
NGA,Nigeria,4,8.38968179439523,158,688,312,312,2019,Africa
PAK,Pakistan,5,8.07863941835053,140,250,589,589,2019,Asia
SYR,Syria,6,7.91999034103741,151,368,894,894,2019,Middle East
BFA,Burkina Faso,7,7.89344984942426,266,682,221,221,2019,Other
MLI,Mali,8,7.82466938229563,152,389,324,324,2019,Other
IND,India,9,7.80515480690028,317,224,362,362,2019,Asia
CMR,Cameroon,10,7.78472109147061,222,288,210,210,2019,Other
EGY,Egypt,11,7.5794910159417,84,151,218,218,2019,Africa
COL,Colombia,12,7.35447977058492,342,154,374,374,2019,South America
MOZ,Mozambique,13,7.33235194646276,127,348,89,89,2019,Other
NER,Niger,14,7.22745567148709,82,282,100,100,2019,Other
PHL,Philippines,15,7.17956392947668,133,114,299,299,2019,Asia
TUR,Turkey,16,7.04267726448863,54,51,93,93,2019,Other
YEM,Yemen,17,6.84737091116462,18,75,60,60,2019,Middle East
LKA,Sri Lanka,18,6.63518092830345,11,197,127,127,2019,Asia
THA,Thailand,19,6.56725767193117,71,59,99,99,2019,Asia
KEN,Kenya,20,6.56411725161248,34,73,72,72,2019,Africa
LBY,Libya,21,6.30187130968081,9,20,20,20,2019,Africa
TCD,Chad,22,6.2345819053111,15,83,35,35,2019,Other
MMR,Myanmar,23,6.07440059984617,34,65,47,47,2019,Asia
USA,United States of America,24,6.04176897651031,24,31,62,62,2019,Other
IRN,Iran,25,5.96193165660789,12,40,26,26,2019,Middle East
FRA,France,26,5.61836095329152,25,4,22,22,2019,Europe
NPL,Nepal,27,5.51130264570572,94,4,17,17,2019,Asia
NZL,New Zealand,28,5.49098880115022,1,51,49,49,2019,Oceania
CHL,Chile,29,5.48370374049129,103,1,27,27,2019,South America
IDN,Indonesia,30,5.46475074095979,10,7,16,16,2019,Asia
PSE,Palestine,31,5.40959239726097,25,6,19,19,2019,Other
GBR,United Kingdom,32,5.35863713757113,28,3,9,9,2019,Europe
ISR,Israel,33,5.26399240607281,37,4,25,25,2019,Middle East
TUN,Tunisia,34,5.23826510669601,19,4,18,18,2019,Africa
TJK,Tajikistan,35,5.17486198878431,2,10,10,10,2019,Other
DEU,Germany,36,4.91599798151205,26,3,22,22,2019,Europe
RUS,Russia,37,4.88488483736806,4,2,5,5,2019,Europe
COD,Democratic Republic of the Congo,38,4.78625743251773,9,18,0,0,2019,Other
DZA,Algeria,39,4.75106868214026,7,2,17,17,2019,Africa
BGD,Bangladesh,40,4.75071302007688,10,1,21,21,2019,Asia
ETH,Ethiopia,41,4.62413739263188,1,0,9,9,2019,Africa
VEN,Venezuela,42,4.53119024275218,0,0,0,0,2019,South America
LBN,Lebanon,43,4.48697698460079,1,4,1,1,2019,Middle East
GRC,Greece,44,4.48262277643481,26,0,3,3,2019,Europe
SAU,Saudi Arabia,45,4.47970774346714,5,0,6,6,2019,Middle East
ITA,Italy,46,4.35254189906619,12,0,0,0,2019,Europe
CHN,China,47,4.17894078667315,0,0,0,0,2019,Asia
BEL,Belgium,48,4.17548851743813,0,0,0,0,2019,Europe
CAN,Canada,49,4.13585116356714,1,0,0,0,2019,North America
JOR,Jordan,50,4.04102637148657,2,3,16,16,2019,Middle East
ESP,Spain,51,4.03453634256551,2,0,0,0,2019,Europe
BDI,Burundi,52,3.95973362671119,0,0,0,0,2019,Other
ECU,Ecuador,53,3.9363351133463,2,1,2,2,2019,South America
PER,Peru,54,3.85208522066337,1,2,0,0,2019,South America
UKR,Ukraine,55,3.82864215547336,3,0,0,0,2019,Europe
TZA,Tanzania,56,3.73257662818009,1,6,7,7,2019,Africa
MEX,Mexico,57,3.62840648623209,7,0,2,2,2019,North America
NLD,Netherlands,58,3.49639958435863,1,4,4,4,2019,Europe
CAF,Central African Republic,59,3.47333708976316,0,0,0,0,2019,Other
PRY,Paraguay,60,3.34958458278726,4,0,0,0,2019,South America
BHR,Bahrain,61,3.25064339263054,0,0,0,0,2019,Middle East
KWT,Kuwait,62,3.20085742835609,0,0,0,0,2019,Middle East
ARG,Argentina,63,3.00252983635947,2,0,0,0,2019,South America
CIV,Cote d' Ivoire,64,2.96408829459294,0,0,0,0,2019,Other
SWE,Sweden,65,2.80078417113018,1,0,0,0,2019,Europe
SEN,Senegal,66,2.66521199549208,0,0,0,0,2019,Other
AUS,Australia,67,2.62460395832545,1,0,0,0,2019,Oceania
MDG,Madagascar,68,2.58199473478214,0,0,0,0,2019,Other
JPN,Japan,69,2.53717681540954,1,0,9,9,2019,Asia
LAO,Laos,70,2.51857841484165,0,0,0,0,2019,Other
BEN,Benin,71,2.45014106978246,1,1,0,0,2019,Other
MYS,Malaysia,72,2.30659840182477,0,0,0,0,2019,Asia
KAZ,Kazakhstan,73,2.29450320753023,0,0,0,0,2019,Asia
ZAF,South Africa,74,2.28223644448305,0,0,0,0,2019,Africa
SDN,Sudan,74,2.28223644448305,0,0,0,0,2019,Africa
RWA,Rwanda,76,2.26979317520095,2,0,4,4,2019,Other
MAR,Morocco,77,2.16322253728063,0,0,0,0,2019,Africa
NOR,Norway,78,2.10457007854592,2,0,2,2,2019,Europe
ROU,Romania,79,2.04164834957969,0,0,0,0,2019,Europe
BRA,Brazil,80,1.97378670117656,2,0,0,0,2019,South America
FIN,Finland,80,1.97378670117656,0,0,0,0,2019,Europe
AUT,Austria,82,1.79828502296523,0,0,0,0,2019,Europe
MKD,Macedonia (FYR),82,1.79828502296523,0,0,0,0,2019,Other
LTU,Lithuania,84,1.73086448260274,2,0,0,0,2019,Other
CHE,Switzerland,85,1.63192329244602,0,0,0,0,2019,Europe
SSD,South Sudan,86,1.53496511690485,0,0,0,0,2019,Other
KSV,Kosovo,87,1.42574727634863,0,0,0,0,2019,Other
DNK,Denmark,88,1.33832013343272,0,0,0,0,2019,Europe
IRL,Ireland,89,1.31972173286483,1,0,0,0,2019,Europe
MRT,Mauritania,90,1.24105004001805,0,0,0,0,2019,Other
BIH,Bosnia and Herzegovina,91,1.22021066308623,0,0,0,0,2019,Other
UGA,Uganda,92,1.10774171984795,0,0,0,0,2019,Africa
VNM,Vietnam,93,1.05831156396975,0,0,0,0,2019,Asia
CZE,Czech Republic,93,1.05831156396975,0,0,0,0,2019,Europe
TKM,Turkmenistan,95,1.00588385814093,0,0,0,0,2019,Other
AGO,Angola,96,0.826318935360223,0,0,0,0,2019,Other
CYP,Cyprus,96,0.826318935360223,0,0,0,0,2019,Other
GAB,Gabon,96,0.826318935360223,0,0,0,0,2019,Other
URY,Uruguay,96,0.826318935360223,0,0,0,0,2019,South America
GEO,Georgia,100,0.757098618500233,0,0,0,0,2019,Other
KGZ,Kyrgyz Republic,100,0.757098618500233,0,0,0,0,2019,Other
TWN,Taiwan,102,0.681851850109894,0,0,0,0,2019,Other
HUN,Hungary,103,0.508313378859537,0,0,0,0,2019,Europe
POL,Poland,104,0.406455517152519,0,0,0,0,2019,Europe
ARM,Armenia,105,0.290978597681926,0,0,0,0,2019,Other
AZE,Azerbaijan,105,0.290978597681926,0,0,0,0,2019,Other
MUS,Mauritius,105,0.290978597681926,0,0,0,0,2019,Other
MDA,Moldova,105,0.290978597681926,0,0,0,0,2019,Other
KOR,South Korea,109,0.226890594371813,0,0,0,0,2019,Asia
ARE,United Arab Emirates,109,0.226890594371813,0,0,0,0,2019,Middle East
UZB,Uzbekistan,111,0.157670277511823,0,0,0,0,2019,Asia
ALB,Albania,112,0.0,0,0,0,0,2019,Other
BLR,Belarus,112,0.0,0,0,0,0,2019,Other
BTN,Bhutan,112,0.0,0,0,0,0,2019,Other
BOL,Bolivia,112,0.0,0,0,0,0,2019,South America
BWA,Botswana,112,0.0,0,0,0,0,2019,Other
BGR,Bulgaria,112,0.0,0,0,0,0,2019,Europe
KHM,Cambodia,112,0.0,0,0,0,0,2019,Other
CRI,Costa Rica,112,0.0,0,0,0,0,2019,Other
HRV,Croatia,112,0.0,0,0,0,0,2019,Other
CUB,Cuba,112,0.0,0,0,0,0,2019,Other
DJI,Djibouti,112,0.0,0,0,0,0,2019,Other
DOM,Dominican Republic,112,0.0,0,0,0,0,2019,Other
SLV,El Salvador,112,0.0,0,0,0,0,2019,Other
GNQ,Equatorial Guinea,112,0.0,0,0,0,0,2019,Other
ERI,Eritrea,112,0.0,0,0,0,0,2019,Other
EST,Estonia,112,0.0,0,0,0,0,2019,Other
GHA,Ghana,112,0.0,0,0,0,0,2019,Africa
GTM,Guatemala,112,0.0,0,0,0,0,2019,Other
GIN,Guinea,112,0.0,0,0,0,0,2019,Other
GNB,Guinea-Bissau,112,0.0,0,0,0,0,2019,Other
GUY,Guyana,112,0.0,0,0,0,0,2019,Other
HTI,Haiti,112,0.0,0,0,0,0,2019,Other
HND,Honduras,112,0.0,0,0,0,0,2019,Other
ISL,Iceland,112,0.0,0,0,0,0,2019,Other
JAM,Jamaica,112,0.0,0,0,0,0,2019,Other
LVA,Latvia,112,0.0,0,0,0,0,2019,Other
LSO,Lesotho,112,0.0,0,0,0,0,2019,Other
LBR,Liberia,112,0.0,0,0,0,0,2019,Other
MWI,Malawi,112,0.0,0,0,0,0,2019,Other
MNG,Mongolia,112,0.0,0,0,0,0,2019,Other
MNE,Montenegro,112,0.0,0,0,0,0,2019,Other
NAM,Namibia,112,0.0,0,0,0,0,2019,Other
NIC,Nicaragua,112,0.0,0,0,0,0,2019,Other
PRK,North Korea,112,0.0,0,0,0,0,2019,Other
OMN,Oman,112,0.0,0,0,0,0,2019,Middle East
PAN,Panama,112,0.0,0,0,0,0,2019,Other
PNG,Papua New Guinea,112,0.0,0,0,0,0,2019,Oceania
PRT,Portugal,112,0.0,0,0,0,0,2019,Europe
QAT,Qatar,112,0.0,0,0,0,0,2019,Middle East
COG,Republic of the Congo,112,0.0,0,0,0,0,2019,Other
SRB,Serbia,112,0.0,0,0,0,0,2019,Other
SLE,Sierra Leone,112,0.0,0,0,0,0,2019,Other
SGP,Singapore,112,0.0,0,0,0,0,2019,Other
SVK,Slovakia,112,0.0,0,0,0,0,2019,Europe
SVN,Slovenia,112,0.0,0,0,0,0,2019,Europe
SWZ,Eswatini,112,0.0,0,0,0,0,2019,Other
GMB,The Gambia,112,0.0,0,0,0,0,2019,Other
TLS,Timor-Leste,112,0.0,0,0,0,0,2019,Other
TGO,Togo,112,0.0,0,0,0,0,2019,Other
TTO,Trinidad and Tobago,112,0.0,0,0,0,0,2019,Other
ZMB,Zambia,112,0.0,0,0,0,0,2019,Africa
ZWE,Zimbabwe,112,0.0,0,0,0,0,2019,Africa
AFG,Afghanistan,1,9.05633576035174,643,1292,2395,101,2020,Asia
IRQ,Iraq,2,8.69925914654552,637,464,748,32,2020,Middle East
SOM,Somalia,3,8.48952265721841,344,671,491,4,2020,Other
NGA,Nigeria,4,8.43495388741253,142,865,204,419,2020,Africa
SYR,Syria,5,8.31513238216964,450,746,1076,15,2020,Middle East
BFA,Burkina Faso,6,8.12039247163553,193,666,187,35,2020,Other
MLI,Mali,7,7.92538497976542,222,404,398,93,2020,Other
PAK,Pakistan,8,7.91604572205567,173,263,583,9,2020,Asia
MOZ,Mozambique,9,7.88170283192082,198,564,173,219,2020,Other
IND,India,10,7.66932330328139,316,172,212,20,2020,Asia
CMR,Cameroon,11,7.63202199715208,119,222,104,130,2020,Other
NER,Niger,12,7.41772140630253,69,262,203,115,2020,Other
EGY,Egypt,13,7.30914467764534,112,119,99,17,2020,Africa
COL,Colombia,14,7.3088492241765,184,156,89,27,2020,South America
PHL,Philippines,15,7.08055384570547,112,98,188,2,2020,Asia
TCD,Chad,16,6.65034191228531,11,143,100,11,2020,Other
TUR,Turkey,17,6.48419827648613,16,17,14,2,2020,Other
KEN,Kenya,18,6.37153760454849,43,46,53,1,2020,Africa
THA,Thailand,19,6.17890593511953,24,14,76,0,2020,Asia
YEM,Yemen,20,6.15868362248814,3,4,0,1,2020,Middle East
LKA,Democratic Republic of the Congo,21,6.07262824700634,18,96,10,5,2020,Other
COD,Sri Lanka,22,6.03615498474211,0,0,0,0,2020,Asia
CHL,Chile,23,5.98733043898687,198,6,26,0,2020,South America
MMR,Myanmar,24,5.93476970087857,26,24,22,30,2020,Asia
LBY,Libya,25,5.63336071722287,6,1,4,0,2020,Africa
USA,Iran,26,5.61810004144917,10,14,8,0,2020,Middle East
IRN,United States of America,27,5.53287983711359,9,2,13,0,2020,Other
IDN,Indonesia,28,5.37659074144044,21,13,22,0,2020,Asia
FRA,Nepal,29,5.25192211974915,29,5,0,0,2020,Asia
NPL,France,30,5.24572286528189,25,7,12,0,2020,Europe
GBR,Germany,31,5.12463702233883,28,11,21,0,2020,Europe
DEU,United Kingdom,32,5.0212772833144,14,3,10,0,2020,Europe
PSE,Palestine,33,4.97916197159738,21,0,7,0,2020,Other
ISR,Israel,34,4.95982694051132,20,1,18,0,2020,Middle East
NZL,New Zealand,35,4.89307048725215,0,0,0,0,2020,Oceania
TZA,Tanzania,36,4.82334712093645,5,22,0,0,2020,Africa
TUN,Tunisia,37,4.74964515540745,6,3,5,6,2020,Africa
RUS,Greece,38,4.69107392569564,43,0,0,0,2020,Europe
GRC,Russia,39,4.68418616304246,6,7,2,0,2020,Europe
TJK,Tajikistan,40,4.57760922704372,0,0,0,0,2020,Other
BGD,Bangladesh,41,4.41715322602006,5,1,19,1,2020,Asia
ETH,Ethiopia,42,4.35254189906619,1,0,29,0,2020,Africa
DZA,Algeria,43,4.32621263475475,2,3,0,0,2020,Africa
CIV,Cote d' Ivoire,44,4.27780747875347,2,11,8,0,2020,Other
LBN,Lebanon,45,4.09658618255907,3,5,0,0,2020,Middle East
VEN,Canada,46,4.0105930694706,4,3,1,0,2020,North America
ITA,Venezuela,47,3.9894065053194,2,0,0,0,2020,South America
CAN,Italy,48,3.94901292377567,6,0,0,0,2020,Europe
SAU,Saudi Arabia,49,3.8560981851493,4,0,6,0,2020,Middle East
AUT,Austria,50,3.80348278701482,1,4,22,0,2020,Europe
BEL,Belgium,51,3.58020124882344,0,0,0,0,2020,Europe
ESP,Spain,52,3.44321295588794,0,0,0,0,2020,Europe
JOR,Jordan,53,3.426926367279,0,0,0,0,2020,Middle East
ECU,Ecuador,54,3.34417397726558,0,0,0,0,2020,South America
PER,Peru,55,3.2072396882827,0,0,0,0,2020,South America
BDI,Burundi,56,3.14575648301092,0,0,0,0,2020,Other
MEX,Switzerland,57,3.09418176981569,6,1,2,0,2020,Europe
AUS,Mexico,58,3.02897814524368,0,0,0,0,2020,North America
UKR,Australia,59,3.02112823692736,1,2,0,0,2020,Oceania
PRY,Netherlands,60,3.00252983635947,1,0,0,0,2020,Europe
MYS,Ukraine,61,2.958454448642,1,0,0,0,2020,Europe
CHE,Paraguay,62,2.91201148846255,2,0,0,1,2020,South America
BHR,Bahrain,63,2.61624841221485,0,0,0,0,2020,Middle East
CHN,China,64,2.56434529984762,0,0,0,0,2020,Asia
CAF,Malaysia,65,2.53256457890395,1,0,0,5,2020,Asia
ARG,Central African Republic,66,2.46025571485066,0,0,0,0,2020,Other
SWE,Argentina,67,2.42954980425527,0,0,0,0,2020,South America
SEN,Sweden,68,2.16322253728063,0,0,0,0,2020,Europe
MDG,Senegal,69,2.10457007854592,0,0,0,0,2020,Other
JPN,Madagascar,70,2.02517561733704,0,0,0,0,2020,Other
LAO,Japan,71,1.97378670117656,0,0,0,0,2020,Asia
BEN,Laos,72,1.96491695885921,0,0,0,0,2020,Other
NLD,Benin,73,1.90014288467225,0,0,0,0,2020,Other
URY,Uruguay,74,1.81963900407464,2,0,0,0,2020,South America
KAZ,Kazakhstan,75,1.75392697719821,0,0,0,0,2020,Asia
RWA,Rwanda,76,1.73086448260274,0,0,0,0,2020,Other
ZAF,South Africa,76,1.73086448260274,0,0,0,0,2020,Africa
MAR,Morocco,78,1.63192329244602,0,0,0,0,2020,Africa
NOR,Norway,79,1.5778561694534,0,0,0,0,2020,Europe
IRL,Romania,80,1.52018198264983,0,0,0,0,2020,Europe
ROU,Finland,81,1.45838482119566,0,0,0,0,2020,Europe
FIN,Brazil,82,1.42574727634863,0,0,0,0,2020,South America
BRA,Cyprus,83,1.39182950581271,1,0,0,0,2020,Other
CYP,Sudan,84,1.31972173286483,0,0,0,0,2020,Africa
LTU,Lithuania,85,1.24105004001805,0,0,0,0,2020,Other
KSV,Kosovo,86,0.950071442336124,0,0,0,0,2020,Other
MRT,Ireland,87,0.890406938670335,0,0,0,0,2020,Europe
VNM,Mauritania,88,0.826318935360223,0,0,0,0,2020,Other
AGO,Vietnam,89,0.681851850109894,0,0,0,0,2020,Asia
CZE,Czech Republic,90,0.59942834098841,0,0,0,0,2020,Europe
DNK,Angola,91,0.508313378859537,0,0,0,0,2020,Other
GAB,Denmark,91,0.508313378859537,0,0,0,0,2020,Europe
SDN,Gabon,91,0.508313378859537,0,0,0,0,2020,Other
GEO,Georgia,94,0.458883222981342,0,0,0,0,2020,Other
KGZ,Kyrgyz Republic,94,0.458883222981342,0,0,0,0,2020,Other
TWN,Taiwan,96,0.406455517152519,0,0,0,0,2020,Other
HUN,Hungary,97,0.290978597681926,0,0,0,0,2020,Europe
POL,Macedonia (FYR),97,0.290978597681926,0,0,0,0,2020,Other
ARM,Poland,99,0.226890594371813,0,0,0,0,2020,Europe
AZE,Armenia,100,0.157670277511823,0,0,0,0,2020,Other
KWT,Azerbaijan,100,0.157670277511823,0,0,0,0,2020,Other
MDA,Kuwait,100,0.157670277511823,0,0,0,0,2020,Middle East
MUS,Moldova,100,0.157670277511823,0,0,0,0,2020,Other
UGA,Mauritius,100,0.157670277511823,0,0,0,0,2020,Other
TGO,Uganda,105,0.0,0,0,0,0,2020,Africa
ALB,Togo,105,0.0,0,0,0,0,2020,Other
ARE,Albania,105,0.0,0,0,0,0,2020,Other
BGR,United Arab Emirates,105,0.0,0,0,0,0,2020,Middle East
BIH,Bulgaria,105,0.0,0,0,0,0,2020,Europe
BLR,Bosnia and Herzegovina,105,0.0,0,0,0,0,2020,Other
BOL,Belarus,105,0.0,0,0,0,0,2020,Other
BTN,Bolivia,105,0.0,0,0,0,0,2020,South America
BWA,Bhutan,105,0.0,0,0,0,0,2020,Other
COG,Botswana,105,0.0,0,0,0,0,2020,Other
CRI,Republic of the Congo,105,0.0,0,0,0,0,2020,Other
CUB,Costa Rica,105,0.0,0,0,0,0,2020,Other
DJI,Cuba,105,0.0,0,0,0,0,2020,Other
DOM,Djibouti,105,0.0,0,0,0,0,2020,Other
ERI,Dominican Republic,105,0.0,0,0,0,0,2020,Other
EST,Eritrea,105,0.0,0,0,0,0,2020,Other
GHA,Estonia,105,0.0,0,0,0,0,2020,Other
GIN,Ghana,105,0.0,0,0,0,0,2020,Africa
GMB,Guinea,105,0.0,0,0,0,0,2020,Other
GNB,The Gambia,105,0.0,0,0,0,0,2020,Other
GNQ,Guinea-Bissau,105,0.0,0,0,0,0,2020,Other
GTM,Equatorial Guinea,105,0.0,0,0,0,0,2020,Other
GUY,Guatemala,105,0.0,0,0,0,0,2020,Other
HND,Guyana,105,0.0,0,0,0,0,2020,Other
HRV,Honduras,105,0.0,0,0,0,0,2020,Other
HTI,Croatia,105,0.0,0,0,0,0,2020,Other
ISL,Haiti,105,0.0,0,0,0,0,2020,Other
JAM,Iceland,105,0.0,0,0,0,0,2020,Other
KHM,Jamaica,105,0.0,0,0,0,0,2020,Other
KOR,Cambodia,105,0.0,0,0,0,0,2020,Other
LBR,South Korea,105,0.0,0,0,0,0,2020,Asia
LSO,Liberia,105,0.0,0,0,0,0,2020,Other
LVA,Lesotho,105,0.0,0,0,0,0,2020,Other
MKD,Latvia,105,0.0,0,0,0,0,2020,Other
MNE,Montenegro,105,0.0,0,0,0,0,2020,Other
MNG,Mongolia,105,0.0,0,0,0,0,2020,Other
MWI,Malawi,105,0.0,0,0,0,0,2020,Other
NAM,Namibia,105,0.0,0,0,0,0,2020,Other
NIC,Nicaragua,105,0.0,0,0,0,0,2020,Other
OMN,Oman,105,0.0,0,0,0,0,2020,Middle East
PAN,Panama,105,0.0,0,0,0,0,2020,Other
PNG,Papua New Guinea,105,0.0,0,0,0,0,2020,Oceania
PRK,North Korea,105,0.0,0,0,0,0,2020,Other
PRT,Portugal,105,0.0,0,0,0,0,2020,Europe
QAT,Qatar,105,0.0,0,0,0,0,2020,Middle East
SGP,Singapore,105,0.0,0,0,0,0,2020,Other
SLE,Sierra Leone,105,0.0,0,0,0,0,2020,Other
SLV,El Salvador,105,0.0,0,0,0,0,2020,Other
SRB,Serbia,105,0.0,0,0,0,0,2020,Other
SSD,South Sudan,105,0.0,0,0,0,0,2020,Other
SVK,Slovakia,105,0.0,0,0,0,0,2020,Europe
SVN,Slovenia,105,0.0,0,0,0,0,2020,Europe
SWZ,Eswatini,105,0.0,0,0,0,0,2020,Other
TKM,Turkmenistan,105,0.0,0,0,0,0,2020,Other
TLS,Timor-Leste,105,0.0,0,0,0,0,2020,Other
TTO,Trinidad and Tobago,105,0.0,0,0,0,0,2020,Other
UZB,Uzbekistan,105,0.0,0,0,0,0,2020,Asia
ZMB,Zambia,105,0.0,0,0,0,0,2020,Africa
ZWE,Zimbabwe,105,0.0,0,0,0,0,2020,Africa
AFG,Afghanistan,1,9.1300885941401,889,1499,2341,91,2021,Asia
IRQ,Iraq,2,8.52401170437275,873,540,873,32,2021,Middle East
SOM,Somalia,3,8.4285365065514,332,661,489,14,2021,Other
BFA,Burkina Faso,4,8.28114030504626,224,759,239,39,2021,Other
NGA,Nigeria,5,8.27004714971002,214,497,177,50,2021,Africa
SYR,Syria,6,8.26125077445303,354,494,523,47,2021,Middle East
MLI,Mali,7,8.16929698636834,341,604,561,102,2021,Other
NER,Niger,8,7.8585898914084,76,595,133,34,2021,Other
PAK,Pakistan,9,7.85252424812968,206,292,549,0,2021,Asia
MMR,Myanmar,10,7.56852236706278,714,326,268,3,2021,Asia
MOZ,Mozambique,11,7.48250353864604,60,98,6,28,2021,Other
CMR,Cameroon,12,7.46686111064486,102,176,135,28,2021,Other
IND,India,13,7.43409396913815,165,123,160,1,2021,Asia
COL,Colombia,14,7.0875954259929,75,78,195,7,2021,South America
EGY,Egypt,15,6.95225716011993,45,71,36,17,2021,Africa
COD,Democratic Republic of the Congo,16,6.89601691937533,34,213,41,80,2021,Other
PHL,Philippines,17,6.78627910828154,62,51,73,2,2021,Asia
CHL,Chile,18,6.53446940601174,387,1,98,1,2021,South America
TCD,Chad,19,6.37022631954379,5,48,11,0,2021,Other
KEN,Kenya,20,6.23067127705331,29,43,39,5,2021,Africa
YEM,Yemen,21,5.88620654742605,4,38,17,0,2021,Middle East
THA,Thailand,22,5.72660107492515,14,7,35,0,2021,Asia
TUR,Turkey,23,5.67868608153122,15,6,7,0,2021,Other
IDN,Indonesia,24,5.49204609690053,16,24,24,4,2021,Asia
LKA,Sri Lanka,25,5.43753087732316,0,0,0,0,2021,Asia
IRN,Iran,26,5.14358900469698,6,3,3,0,2021,Middle East
LBY,Libya,27,5.12301950788881,4,5,0,2,2021,Africa
USA,United States of America,28,5.01841070987634,7,3,0,0,2021,Other
GRC,Greece,29,4.89065317667774,53,0,2,0,2021,Europe
ISR,Israel,30,4.77526270617957,18,1,22,0,2021,Middle East
DEU,Germany,31,4.7453604614488,20,0,1,0,2021,Europe
PSE,Palestine,32,4.73600348307829,17,1,19,0,2021,Other
BDI,Burundi,33,4.71661024744486,6,5,92,0,2021,Other
NPL,Nepal,34,4.71215828242653,1,0,8,0,2021,Asia
TZA,Tanzania,35,4.66042770867489,3,7,6,0,2021,Africa
FRA,France,36,4.57368923511181,7,1,0,0,2021,Europe
GBR,United Kingdom,37,4.55292438675287,7,1,1,0,2021,Europe
PER,Peru,38,4.46448818451987,1,16,0,0,2021,South America
TUN,Tunisia,39,4.45702659987882,4,5,1,0,2021,Africa
DZA,Algeria,40,4.42600161438672,3,8,6,0,2021,Africa
BGD,Bangladesh,41,4.40556631060767,2,6,20,0,2021,Asia
NZL,New Zealand,42,4.37039630965821,1,0,6,0,2021,Oceania
CIV,Cote d' Ivoire,43,4.30384099427526,8,5,5,0,2021,Other
RUS,Russia,44,4.2186696451983,1,2,4,0,2021,Europe
UGA,Uganda,45,4.1919351423495,4,5,41,0,2021,Africa
VEN,Venezuela,46,3.999640853107,4,2,0,12,2021,South America
TJK,Tajikistan,47,3.98251569360224,0,0,0,0,2021,Other
CAN,Canada,48,3.93724686071058,1,4,1,0,2021,North America
ETH,Ethiopia,49,3.75873276105108,0,0,0,0,2021,Africa
ITA,Italy,50,3.6814468681722,7,0,0,0,2021,Europe
BEN,Benin,51,3.59926830800999,4,3,11,0,2021,Other
LBN,Lebanon,52,3.58020124882344,1,1,0,0,2021,Middle East
AUT,Austria,53,3.25666984416089,1,0,0,0,2021,Europe
SAU,Saudi Arabia,54,3.10617630738021,1,0,0,0,2021,Middle East
ESP,Spain,55,2.85659658693498,0,0,0,0,2021,Europe
CHE,Switzerland,56,2.77671285143021,2,0,0,0,2021,Europe
ARG,Argentina,57,2.77321873639432,5,0,0,0,2021,South America
ECU,Ecuador,58,2.76265087826904,0,0,0,0,2021,South America
NLD,Netherlands,59,2.71155123867754,2,0,0,0,2021,Europe
JOR,Jordan,60,2.59068618778953,0,0,0,0,2021,Middle East
AUS,Australia,61,2.4347437675856,0,0,0,0,2021,Oceania
MEX,Mexico,62,2.40310149537106,0,0,0,0,2021,North America
UKR,Ukraine,63,2.30057195029442,0,0,0,0,2021,Europe
PRY,Paraguay,64,2.14892812431294,0,0,0,0,2021,South America
BHR,Bahrain,65,2.14169132647598,1,0,0,0,2021,Middle East
CYP,Cyprus,66,1.92849927080111,2,0,0,0,2021,Other
CAF,Central African Republic,67,1.90014288467225,1,0,3,0,2021,Other
MYS,Malaysia,68,1.86082737386225,0,0,0,0,2021,Asia
CHN,China,68,1.86082737386225,0,0,0,0,2021,Asia
BEL,Belgium,70,1.74247260716042,0,0,0,0,2021,Europe
SWE,Sweden,71,1.60531219912934,0,0,0,0,2021,Europe
SEN,Senegal,72,1.5778561694534,0,0,0,0,2021,Other
SWZ,Eswatini,73,1.52018198264983,1,0,1,0,2021,Other
JPN,Japan,74,1.45838482119566,0,0,0,0,2021,Asia
URY,Uruguay,75,1.31972173286483,0,0,0,0,2021,South America
RWA,Rwanda,76,1.24105004001805,0,0,0,0,2021,Other
TGO,Togo,76,1.24105004001805,1,0,0,0,2021,Other
ZAF,South Africa,76,1.24105004001805,0,0,0,0,2021,Africa
MAR,Morocco,79,1.1544986362098,0,0,0,0,2021,Africa
NOR,Norway,80,1.10774171984795,0,0,0,0,2021,Europe
ROU,Romania,81,1.05831156396975,0,0,0,0,2021,Europe
FIN,Finland,82,1.00588385814093,0,0,0,0,2021,Europe
BRA,Brazil,83,0.950071442336124,0,0,0,0,2021,South America
SDN,Sudan,84,0.890406938670335,0,0,0,0,2021,Africa
LTU,Lithuania,85,0.826318935360223,0,0,0,0,2021,Other
IRL,Ireland,86,0.508313378859537,0,0,0,0,2021,Europe
MRT,Mauritania,86,0.508313378859537,0,0,0,0,2021,Other
VNM,Vietnam,88,0.406455517152519,0,0,0,0,2021,Asia
AGO,Angola,89,0.290978597681926,0,0,0,0,2021,Other
CZE,Czech Republic,89,0.290978597681926,0,0,0,0,2021,Europe
DNK,Denmark,89,0.290978597681926,0,0,0,0,2021,Europe
GAB,Gabon,89,0.290978597681926,0,0,0,0,2021,Other
KSV,Kosovo,89,0.290978597681926,0,0,0,0,2021,Other
TWN,Taiwan,94,0.226890594371813,0,0,0,0,2021,Other
MKD,Macedonia (FYR),95,0.157670277511823,0,0,0,0,2021,Other
ALB,Albania,96,0.0,0,0,0,0,2021,Other
ARE,United Arab Emirates,96,0.0,0,0,0,0,2021,Middle East
ARM,Armenia,96,0.0,0,0,0,0,2021,Other
AZE,Azerbaijan,96,0.0,0,0,0,0,2021,Other
BGR,Bulgaria,96,0.0,0,0,0,0,2021,Europe
BIH,Bosnia and Herzegovina,96,0.0,0,0,0,0,2021,Other
BLR,Belarus,96,0.0,0,0,0,0,2021,Other
BOL,Bolivia,96,0.0,0,0,0,0,2021,South America
BTN,Bhutan,96,0.0,0,0,0,0,2021,Other
BWA,Botswana,96,0.0,0,0,0,0,2021,Other
COG,Republic of the Congo,96,0.0,0,0,0,0,2021,Other
CRI,Costa Rica,96,0.0,0,0,0,0,2021,Other
CUB,Cuba,96,0.0,0,0,0,0,2021,Other
DJI,Djibouti,96,0.0,0,0,0,0,2021,Other
DOM,Dominican Republic,96,0.0,0,0,0,0,2021,Other
ERI,Eritrea,96,0.0,0,0,0,0,2021,Other
EST,Estonia,96,0.0,0,0,0,0,2021,Other
GEO,Georgia,96,0.0,0,0,0,0,2021,Other
GHA,Ghana,96,0.0,0,0,0,0,2021,Africa
GIN,Guinea,96,0.0,0,0,0,0,2021,Other
GMB,The Gambia,96,0.0,0,0,0,0,2021,Other
GNB,Guinea-Bissau,96,0.0,0,0,0,0,2021,Other
GNQ,Equatorial Guinea,96,0.0,0,0,0,0,2021,Other
GTM,Guatemala,96,0.0,0,0,0,0,2021,Other
GUY,Guyana,96,0.0,0,0,0,0,2021,Other
HND,Honduras,96,0.0,0,0,0,0,2021,Other
HRV,Croatia,96,0.0,0,0,0,0,2021,Other
HTI,Haiti,96,0.0,0,0,0,0,2021,Other
HUN,Hungary,96,0.0,0,0,0,0,2021,Europe
ISL,Iceland,96,0.0,0,0,0,0,2021,Other
JAM,Jamaica,96,0.0,0,0,0,0,2021,Other
KAZ,Kazakhstan,96,0.0,0,0,0,0,2021,Asia
KGZ,Kyrgyz Republic,96,0.0,0,0,0,0,2021,Other
KHM,Cambodia,96,0.0,0,0,0,0,2021,Other
KOR,South Korea,96,0.0,0,0,0,0,2021,Asia
KWT,Kuwait,96,0.0,0,0,0,0,2021,Middle East
LAO,Laos,96,0.0,0,0,0,0,2021,Other
LBR,Liberia,96,0.0,0,0,0,0,2021,Other
LSO,Lesotho,96,0.0,0,0,0,0,2021,Other
LVA,Latvia,96,0.0,0,0,0,0,2021,Other
MDA,Moldova,96,0.0,0,0,0,0,2021,Other
MDG,Madagascar,96,0.0,0,0,0,0,2021,Other
MNE,Montenegro,96,0.0,0,0,0,0,2021,Other
MNG,Mongolia,96,0.0,0,0,0,0,2021,Other
MUS,Mauritius,96,0.0,0,0,0,0,2021,Other
MWI,Malawi,96,0.0,0,0,0,0,2021,Other
NAM,Namibia,96,0.0,0,0,0,0,2021,Other
NIC,Nicaragua,96,0.0,0,0,0,0,2021,Other
OMN,Oman,96,0.0,0,0,0,0,2021,Middle East
PAN,Panama,96,0.0,0,0,0,0,2021,Other
PNG,Papua New Guinea,96,0.0,0,0,0,0,2021,Oceania
POL,Poland,96,0.0,0,0,0,0,2021,Europe
PRK,North Korea,96,0.0,0,0,0,0,2021,Other
PRT,Portugal,96,0.0,0,0,0,0,2021,Europe
QAT,Qatar,96,0.0,0,0,0,0,2021,Middle East
SGP,Singapore,96,0.0,0,0,0,0,2021,Other
SLE,Sierra Leone,96,0.0,0,0,0,0,2021,Other
SLV,El Salvador,96,0.0,0,0,0,0,2021,Other
SRB,Serbia,96,0.0,0,0,0,0,2021,Other
SSD,South Sudan,96,0.0,0,0,0,0,2021,Other
SVK,Slovakia,96,0.0,0,0,0,0,2021,Europe
SVN,Slovenia,96,0.0,0,0,0,0,2021,Europe
TKM,Turkmenistan,96,0.0,0,0,0,0,2021,Other
TLS,Timor-Leste,96,0.0,0,0,0,0,2021,Other
TTO,Trinidad and Tobago,96,0.0,0,0,0,0,2021,Other
UZB,Uzbekistan,96,0.0,0,0,0,0,2021,Asia
ZMB,Zambia,96,0.0,0,0,0,0,2021,Africa
ZWE,Zimbabwe,96,0.0,0,0,0,0,2021,Africa
AFG,Afghanistan,1,8.82224371341993,225,633,897,0,2022,Asia
BFA,Burkina Faso,2,8.56410076490047,310,1135,496,84,2022,Other
SOM,Somalia,3,8.46303091321381,299,755,1001,0,2022,Other
MLI,Mali,4,8.41239241064137,272,944,376,24,2022,Other
SYR,Syria,5,8.16124283985543,197,447,451,2,2022,Middle East
PAK,Pakistan,6,8.16015314210701,298,643,802,13,2022,Asia
IRQ,Iraq,7,8.13861781378881,401,174,339,7,2022,Middle East
NGA,Nigeria,8,8.06481125280975,120,385,147,59,2022,Africa
MMR,Myanmar,9,7.97667917599247,755,415,349,13,2022,Asia
NER,Niger,10,7.61620676036391,54,198,118,16,2022,Other
CMR,Cameroon,11,7.34700163766975,116,166,53,65,2022,Other
MOZ,Mozambique,12,7.32990404589585,90,163,24,31,2022,Other
IND,India,13,7.17496201507097,142,78,150,2,2022,Asia
COD,Democratic Republic of the Congo,14,6.87162264069472,17,136,7,0,2022,Other
COL,Colombia,15,6.69691979598402,45,21,114,2,2022,South America
EGY,Egypt,16,6.63155090074775,30,72,34,3,2022,Africa
CHL,Chile,17,6.61929857272643,310,9,49,0,2022,South America
PHL,Philippines,18,6.32798374961516,20,18,38,0,2022,Asia
TCD,Chad,19,6.16778349284037,6,36,62,0,2022,Other
KEN,Kenya,20,6.16258536682152,26,51,26,6,2022,Africa
IRN,Iran,21,5.68752106671281,7,42,68,0,2022,Middle East
YEM,Yemen,22,5.61640219300924,9,19,23,5,2022,Middle East
TUR,Turkey,23,5.60030397717011,10,17,107,0,2022,Other
IDN,Indonesia,24,5.50210106202013,7,25,22,0,2022,Asia
ISR,Israel,25,5.48902181581549,23,28,69,0,2022,Middle East
THA,Thailand,26,5.43010356401221,25,4,47,0,2022,Asia
TGO,Togo,27,4.91452749604481,5,26,16,0,2022,Other
BEN,Benin,28,4.83954827469584,12,18,15,1,2022,Other
LKA,Sri Lanka,29,4.83922720831201,0,0,0,0,2022,Asia
USA,United States of America,30,4.79879824209937,8,11,7,0,2022,Other
GRC,Greece,31,4.79305882262799,35,0,2,0,2022,Europe
LBY,Libya,32,4.72983025971423,4,4,5,0,2022,Africa
PSE,Palestine,33,4.61127624835016,17,1,21,0,2022,Other
FRA,France,34,4.41924335947235,9,4,3,0,2022,Europe
DEU,Germany,35,4.24204383282108,5,0,0,0,2022,Europe
NPL,Nepal,36,4.1344013857005,2,0,2,0,2022,Asia
DZA,Algeria,37,4.0828347785778,1,3,0,0,2022,Africa
TZA,Tanzania,38,4.06493920272373,0,0,0,0,2022,Africa
BDI,Burundi,39,4.05067099518611,0,0,0,0,2022,Other
TUN,Tunisia,40,3.98854815061379,3,0,5,0,2022,Africa
PER,Peru,41,3.8560981851493,0,0,0,0,2022,South America
GBR,United Kingdom,42,3.83993337254492,4,0,2,0,2022,Europe
BGD,Bangladesh,43,3.82657327339831,2,0,2,0,2022,Asia
DJI,Djibouti,44,3.8002857693445,1,7,6,0,2022,Other
RUS,Russia,45,3.79921746495304,3,2,0,0,2022,Europe
NZL,New Zealand,46,3.77647271224013,0,0,0,0,2022,Oceania
CIV,Cote d' Ivoire,47,3.74745760400636,1,0,0,0,2022,Other
UGA,Uganda,48,3.59926830800999,0,0,0,0,2022,Africa
NOR,Norway,49,3.51441674218374,1,2,21,0,2022,Europe
TJK,Tajikistan,50,3.43835910425916,1,0,0,0,2022,Other
VEN,Venezuela,51,3.40864957703915,0,0,0,0,2022,South America
LBN,Lebanon,52,3.40021251211859,2,1,3,0,2022,Middle East
ITA,Italy,53,3.29004849137131,3,0,0,0,2022,Europe
CAN,Canada,54,3.2745012448604,0,0,0,0,2022,North America
CAF,Central African Republic,55,3.19442771624724,1,3,2,0,2022,Other
ETH,Ethiopia,56,3.04446737653316,2,0,7,0,2022,Africa
ARG,Argentina,57,2.87546553100419,4,0,2,0,2022,South America
SVK,Slovakia,58,2.78365901162542,1,2,1,0,2022,Europe
BEL,Belgium,59,2.76265087826904,3,1,1,0,2022,Europe
ESP,Spain,60,2.71155123867754,6,0,1,0,2022,Europe
AUT,Austria,61,2.67703166415428,0,0,0,0,2022,Europe
JPN,Japan,62,2.39771336395364,1,1,0,0,2022,Asia
SAU,Saudi Arabia,63,2.38683533002177,0,0,0,0,2022,Middle East
SWE,Sweden,64,2.30659840182477,1,1,0,0,2022,Europe
CHE,Switzerland,65,2.20474054011775,0,0,0,0,2022,Europe
ECU,Ecuador,66,2.19795782068182,0,0,0,0,2022,South America
NLD,Netherlands,67,2.11961032363824,0,0,0,0,2022,Europe
JOR,Jordan,68,2.03345120484235,0,0,0,0,2022,Middle East
AUS,Australia,69,1.83012146326686,0,0,0,0,2022,Oceania
UZB,Uzbekistan,70,1.73086448260274,2,0,0,0,2022,Asia
PRY,Paraguay,71,1.60531219912934,0,0,0,0,2022,South America
MEX,Mexico,72,1.5778561694534,0,0,0,0,2022,North America
UKR,Ukraine,73,1.53496511690485,0,0,0,0,2022,Europe
CYP,Cyprus,74,1.39182950581271,0,0,0,0,2022,Other
MYS,Malaysia,75,1.35652695948864,0,0,0,0,2022,Asia
ARE,United Arab Emirates,76,1.24105004001805,1,0,0,0,2022,Middle East
SEN,Senegal,77,1.10774171984795,0,0,0,0,2022,Other
SWZ,Eswatini,78,1.05831156396975,0,0,0,0,2022,Other
BHR,Bahrain,79,0.826318935360223,0,0,0,0,2022,Middle East
URY,Uruguay,79,0.826318935360223,0,0,0,0,2022,South America
RWA,Rwanda,79,0.826318935360223,0,0,0,0,2022,Other
ZAF,South Africa,79,0.826318935360223,0,0,0,0,2022,Africa
MAR,Morocco,83,0.757098618500233,0,0,0,0,2022,Africa
ROU,Romania,84,0.681851850109894,0,0,0,0,2022,Europe
BRA,Brazil,85,0.59942834098841,0,0,0,0,2022,South America
LTU,Lithuania,86,0.508313378859537,0,0,0,0,2022,Other
IRL,Ireland,87,0.290978597681926,0,0,0,0,2022,Europe
MRT,Mauritania,87,0.290978597681926,0,0,0,0,2022,Other
VNM,Vietnam,89,0.226890594371813,0,0,0,0,2022,Asia
AGO,Angola,90,0.157670277511823,0,0,0,0,2022,Other
DNK,Denmark,90,0.157670277511823,0,0,0,0,2022,Europe
KSV,Kosovo,90,0.157670277511823,0,0,0,0,2022,Other
CHN,China,93,0.0,0,0,0,0,2022,Asia
FIN,Finland,93,0.0,0,0,0,0,2022,Europe
CZE,Czech Republic,93,0.0,0,0,0,0,2022,Europe
GAB,Gabon,93,0.0,0,0,0,0,2022,Other
SDN,Sudan,93,0.0,0,0,0,0,2022,Africa
TWN,Taiwan,93,0.0,0,0,0,0,2022,Other
ALB,Albania,93,0.0,0,0,0,0,2022,Other
ARM,Armenia,93,0.0,0,0,0,0,2022,Other
AZE,Azerbaijan,93,0.0,0,0,0,0,2022,Other
BGR,Bulgaria,93,0.0,0,0,0,0,2022,Europe
BIH,Bosnia and Herzegovina,93,0.0,0,0,0,0,2022,Other
BLR,Belarus,93,0.0,0,0,0,0,2022,Other
BOL,Bolivia,93,0.0,0,0,0,0,2022,South America
BTN,Bhutan,93,0.0,0,0,0,0,2022,Other
BWA,Botswana,93,0.0,0,0,0,0,2022,Other
COG,Republic of the Congo,93,0.0,0,0,0,0,2022,Other
CRI,Costa Rica,93,0.0,0,0,0,0,2022,Other
CUB,Cuba,93,0.0,0,0,0,0,2022,Other
DOM,Dominican Republic,93,0.0,0,0,0,0,2022,Other
ERI,Eritrea,93,0.0,0,0,0,0,2022,Other
EST,Estonia,93,0.0,0,0,0,0,2022,Other
GEO,Georgia,93,0.0,0,0,0,0,2022,Other
GHA,Ghana,93,0.0,0,0,0,0,2022,Africa
GIN,Guinea,93,0.0,0,0,0,0,2022,Other
GMB,The Gambia,93,0.0,0,0,0,0,2022,Other
GNB,Guinea-Bissau,93,0.0,0,0,0,0,2022,Other
GNQ,Equatorial Guinea,93,0.0,0,0,0,0,2022,Other
GTM,Guatemala,93,0.0,0,0,0,0,2022,Other
GUY,Guyana,93,0.0,0,0,0,0,2022,Other
HND,Honduras,93,0.0,0,0,0,0,2022,Other
HRV,Croatia,93,0.0,0,0,0,0,2022,Other
HTI,Haiti,93,0.0,0,0,0,0,2022,Other
HUN,Hungary,93,0.0,0,0,0,0,2022,Europe
ISL,Iceland,93,0.0,0,0,0,0,2022,Other
JAM,Jamaica,93,0.0,0,0,0,0,2022,Other
KAZ,Kazakhstan,93,0.0,0,0,0,0,2022,Asia
KGZ,Kyrgyz Republic,93,0.0,0,0,0,0,2022,Other
KHM,Cambodia,93,0.0,0,0,0,0,2022,Other
KOR,South Korea,93,0.0,0,0,0,0,2022,Asia
KWT,Kuwait,93,0.0,0,0,0,0,2022,Middle East
LAO,Laos,93,0.0,0,0,0,0,2022,Other
LBR,Liberia,93,0.0,0,0,0,0,2022,Other
LSO,Lesotho,93,0.0,0,0,0,0,2022,Other
LVA,Latvia,93,0.0,0,0,0,0,2022,Other
MDA,Moldova,93,0.0,0,0,0,0,2022,Other
MDG,Madagascar,93,0.0,0,0,0,0,2022,Other
MKD,Macedonia (FYR),93,0.0,0,0,0,0,2022,Other
MNE,Montenegro,93,0.0,0,0,0,0,2022,Other
MNG,Mongolia,93,0.0,0,0,0,0,2022,Other
MUS,Mauritius,93,0.0,0,0,0,0,2022,Other
MWI,Malawi,93,0.0,0,0,0,0,2022,Other
NAM,Namibia,93,0.0,0,0,0,0,2022,Other
NIC,Nicaragua,93,0.0,0,0,0,0,2022,Other
OMN,Oman,93,0.0,0,0,0,0,2022,Middle East
PAN,Panama,93,0.0,0,0,0,0,2022,Other
PNG,Papua New Guinea,93,0.0,0,0,0,0,2022,Oceania
POL,Poland,93,0.0,0,0,0,0,2022,Europe
PRK,North Korea,93,0.0,0,0,0,0,2022,Other
PRT,Portugal,93,0.0,0,0,0,0,2022,Europe
QAT,Qatar,93,0.0,0,0,0,0,2022,Middle East
SGP,Singapore,93,0.0,0,0,0,0,2022,Other
SLE,Sierra Leone,93,0.0,0,0,0,0,2022,Other
SLV,El Salvador,93,0.0,0,0,0,0,2022,Other
SRB,Serbia,93,0.0,0,0,0,0,2022,Other
SSD,South Sudan,93,0.0,0,0,0,0,2022,Other
SVN,Slovenia,93,0.0,0,0,0,0,2022,Europe
TKM,Turkmenistan,93,0.0,0,0,0,0,2022,Other
TLS,Timor-Leste,93,0.0,0,0,0,0,2022,Other
TTO,Trinidad and Tobago,93,0.0,0,0,0,0,2022,Other
ZMB,Zambia,93,0.0,0,0,0,0,2022,Africa
ZWE,Zimbabwe,93,0.0,0,0,0,0,2022,Africa
